                    Reviews for Samsung Galaxy Watch ,Age,Gender,Location,        Occupation,Month,Year,Quarter
It's much better than watch ultra 2. Value for money,25-34,M," Tirunelveli, Tamil Nadu",Working Professional,October,2021,Q4
"Value for money ? No.
Quality: built quality is very good except the strap. The strap looks like someone painted. After a few activities in water the orange color starts fades and a black color starts appearing.

Features: have a tons of featurs but ecg and blood pleasure no use as its still not available in india.

Battery : better than previous versions. 2 days backup.

Connection: improved and clear quality.

watch may look heavy on wrist if you have a small wrist.",35-44,M," Bengaluru, Karnataka",Working Professional,April,2020,Q2
Just one word.......awesome. go for it,18-24,M," Navi Mumbai, Maharashtra",Student,April,2020,Q2
"Android Users other than that of Samsung, you may note, BP and ECG do not work with your phone. But:

a. Rest features work

b. Airtel E-Sim Postpaid plan works. I will tell you how.

c. Do not expect much from the battery. Consider you need to charge at night/in the early morning at least once.

Regarding the activation of E-SIM of Airtel in Samsung Galaxy Watch Ultra- simple trick- E-SIM can only be activated via Samsung phone at first.

Directly connect with Samsung phone or Learn steps be...
READ MORE",55 and above,M,"New Delhi, Delhi",Retired,September,2020,Q3
Exalent watch,55 and above,F," Devanahalli, Karnataka",Retired,May,2020,Q2
"Watch luks amazing, strap is very comfortable, display is fabulous. Very useful for daily use with so many features. LTE feature enables calling, messaging without any sim. Only con is low battery backup when you enable all the features and slow charging, almost takes one and a half hour for full charge.",55 and above,M," Araria, Bihar",Retired,July,2024,Q3
Looks premium N classy. Almost accurate data n smooth n very clean UI,25-34,M," Tirupati,Andhra Pradesh",Freelancer,August,2020,Q3
It's a two day usage review Premium look and quality. Battery lasts for 7-8 hrs with activity tracker and call functions enabled. Charging takes around ~1 Hrs. BP and ECG are not supported in non-samsung mobile. Will update after a month on more details.,55 and above,M," Chennai, Tamil Nadu",Retired,March,2023,Q1
"I have upgraded from watch 4 and compared to that this is very fast, have very good display. Overall a very good smartwatch.",35-44,M," Pune, Maharashtra",Working Professional,September,2023,Q3
In terms of feature it has all the feature you name it this watch had it. Display and Design is also okay but the worst thing is battery not even working for 20 hours. I charge it early morning for office and it is getting drained till the time I am coming back to home. Worst battery backup watch I used till now and I used multiple watches.,35-44,M," New Delhi, Delhi",Working Professional,September,2022,Q3
Battery is disappointing as it discharge within 20 hours. It is very painful to charge it daily basis.,25-34,M," Indore, Madhya Pradesh",Freelancer,October,2022,Q4
"Review after 3 weeks:
1. Poor battery life (14 hrs maximum)
2. Counts 10 - 20 steps unnecessarily when you shake hands, scratch or even while drinking a cup of coffee!
3. No Qi charging or reverse charging from phone
4. LTE calls consume around 3% battery every 1 minute
5. The underside is plastic and gets scratched easily
6. No option to turn off touch while AoD is active. Always something opens up or call foes out randomly if you cross your arms often
7. The 4 small stitching design on the ...
READ MORE",35-44,M," Kozhikode, Kerala",Freelancer,September,2021,Q3
Excellent watch by Samsung. Pairs perfectly with my Galaxy S24 Ultra phone. I upgraded from watch 4 to watch 7 and the experience is really good on this watch.,55 and above,M," Bengaluru, Karnataka",Retired,December,2024,Q4
Battery very fast decrease,45-54,M," Siddipet, Telangana",Working Professional,January,2021,Q1
"I love Samsung watch barring it's battery life, which is hardly 02 day with activities. Samsung when will you improve battery life. Nobody likes charging on daily basis.
Otherwise it's a complete watch from all sides. Features are amazing and tracking is generally accurate ❤️❤️❤️❤️❤️❤️❤️",18-24,F," Fatehgarh, Uttar Pradesh",Working Professional,August,2021,Q3
"Recently upgraded form watch 4 to watch 7
It's a huge upgrade
Better battery Better performance
And bought the green one it's a perfect match with my Galaxy S23 Ultra",Under 18,M," Duliajan, Assam",Student,November,2023,Q4
"The product is of high quality and performs exceptionally well. Samsung is a reputable brand known for its reliable products. If you are considering purchasing this product, I highly recommend it as a worthwhile investment.",Under 18,M," Bengaluru, Karnataka",Student,March,2024,Q1
Trademark Galaxy from Samsung. Just liked it.,45-54,M," Krishnanagar, Andhra Pradesh",Working Professional,February,2022,Q1
Gr8 Product,55 and above,M," Indore, Madhya Pradesh",Retired,May,2021,Q2
"Pros:
+ Smooth performance
+ Awesome and useful gestures
+ Brilliant display
+ Working sensors with good tracking
+ Beautiful watch faces

Cons:
- Screen glass is exposed to hits during daily usage
- Heard about poor battery backup and I agree to some extent. Battery goes up to 2 days (but only if you turn off the location and AOD - which most people don't need on a daily basis).",55 and above,M," Hyderabad, Telangana",Retired,April,2024,Q2
New edition is better so far,35-44,M," Chennai, Tamil Nadu",Working Professional,July,2024,Q3
"Please don't buy this watch, especially from online stores like Flipkart! 😤 I've had a terrible experience with my purchase. 😡 The watch is not worth the money because the battery life is so poor. 🔋 Even after a full charge, it Bare, Punjably lasts 5-6 hours. 😤 And to make matters worse, Flipkart's customer service was useless. 😡 I recommend buying from offline stores like Croma or Reliance Digital instead. #BuyerBeware #BadExperience #FlipkartFail",55 and above,M," Surat, Gujarat",Retired,July,2023,Q3
"Design is good
Low battery back up max 1 to 1.5 day
Ok OK just brand samsung
It's not worth for 33,000",55 and above,F," Bagalkot, Karnataka",Homemaker,August,2024,Q3
Good product,55 and above,M," Alwar, Rajasthan",Retired,March,2021,Q1
"The watch is good. The battery last me 2 days of light to heavy usage without AOD. Didn't find any lag, the watch was really smooth. Tried the workouts and the blood pressure. The bp is kind of off by +5-10. Workouts are being trackwd properly except the watch conaider my bike rides as cycling. Call quality is good",55 and above,M," Ernakulam, Kerala",Retired,December,2022,Q4
Nice watch,18-24,M," Khemkaran, Punjab",Freelancer,June,2024,Q2
Amazing product,Under 18,F," Pathara, Odisha",Student,March,2020,Q1
Good product,35-44,M," Patna, Bihar",Freelancer,February,2024,Q1
Value for money,25-34,M," Bengaluru, Karnataka",Freelancer,December,2023,Q4
One of the best smart watch,Under 18,M," Hyderabad, Telangana",Student,July,2023,Q3
"Battery life is very low, wrist sensors are always in on even watch 7 on the table",18-24,M," Hyderabad, Telangana",Working Professional,April,2020,Q2
The watch is experiencing an elevated temperature.,Under 18,M," Uttarpara Kotrung, West Bengal",Student,August,2023,Q3
Perfect Smartwatch !,Under 18,M," Dhubri, Assam ",Student,December,2022,Q4
Battery backup is very poor. full charge is lasting 8 to 9 hrs.,35-44,M," Kanpur, Uttar Pradesh",Working Professional,January,2021,Q1
Nice product,Under 18,M," Bhilai, Chhattisgarh",Student,October,2024,Q4
Battery back worst...last for 6 hours only,Under 18,M," Imphal, Manipur",Student,March,2022,Q1
"After two months of using this watch, I can confidently say it's the best. It looks classy and is very lightweight. The Samsung software is reliable with no bugs or issues.
However, there's a slight miscount of steps when riding a bike, as it counts those as steps. The only downside I found is the battery life, it could be a bit bigger to last at least two days. With Always-On Display (AOD) on and all features enabled, it lasts around 24 hours.",Under 18,M," Ludhiana, Punjab",Student,May,2024,Q2
"Excellent product.
Light weight, perfect size, great display.
One could easily get a day and a half of battery.",55 and above,M," Anantnag, Jammu and Kashmir",Retired,November,2022,Q4
You need a Samsung phone to use every feature of this watch. Rest the watch is better than iWatch,55 and above,M," Howrah, West Bengal",Retired,May,2023,Q2
Simply wow!!,35-44,M," Gurugram, Haryana",Working Professional,August,2023,Q3
Terrible battery hardly last 12 hours in lte version,25-34,M," Jammu, Jammu and Kashmir",Freelancer,January,2023,Q1
Battery drain very fast,55 and above,M," Kanth Shahjahanpur, Uttar Pradesh ",Retired,February,2022,Q1
Features of the watch 7 is good but design is not satisfied and the available colour are less. Black color need to be added in the future collection of the watch options and also the packaging need to be improved with attractive looks and eye catching to the customer only this much can be written that's it from my side,35-44,M," Dharwad, Madhya Pradesh",Freelancer,September,2023,Q3
Bad charging 10% charging 1 hors,25-34,M," Munger, Bihar",Working Professional,October,2023,Q4
"Second time purchase samsung smart watch.
I purchased first time samsung watch 4 but this was just bought smart watch 7 LT.
It's design is suprb.
Slik and soft in use.
Green strap is also too good. I was worried about green colour strap but it's fantastic.
Health monitoring app like samsung health monitor is additional features for samsung phone. But it's functioning and health monitoring features is superb.
For ECG you should need bp monitor machine additional to perfect and necessary.
Watc...
READ MORE",35-44,M," Gopalganj, Bihar",Working Professional,October,2024,Q4
Rashes on skin and red dot appearing on watch screen within one month.,18-24,F," Bharuch, Gujarat",Working Professional,November,2023,Q4
"Very good build quality.
Calling featured is amazing and speaker is incredible.",Under 18,M," Sarsawan, Uttar Pradesh",Student,December,2022,Q4
Osam watch ⌚ osam style,45-54,F," North Twenty Four Parganas District, West Bengal",Homemaker,October,2023,Q4
"Sorry to hear that your product got scratched after only 15 days of use. That can be frustrating, especially if you were expecting a longer lifespan",35-44,M," Indore, Madhya Pradesh",Working Professional,July,2024,Q3
Battery poor,35-44,F," Kalpetta, Kerala",Homemaker,July,2021,Q3
Very bad pr,18-24,F," Mumbai, Maharashtra",Working Professional,April,2022,Q2
"Loving it Except for the battery life ,everything is absolutely worth each Penny",25-34,M," Rishra, West Bengal",Freelancer,May,2021,Q2
Blood pressure and ECG features works only if paired with Samsung phones.,35-44,M," Chennai, Tamil Nadu",Working Professional,November,2021,Q4
"Samsung watch FE.....FE means fan edition...
THE WATCH I BOUGHT ON SALES ON PRICE OF 11K ...
IT IS WORTH FOR THAT PRICE ..
PROS ...
1. AUTO TRACKING
2. AMOLED DISPLAY
3. SLEEP COUCHING
4. DECENT DEGIN
5. WATER EJECTION FUTURE..
6. WATER PROOF UP TO 2 MEATER DEPTH... MINIMUM 30 MINUTES...
7. HAVING GPS
8. WIFI + BLUETOOTH..
9. PRIVACY MATTER # SCREEN LOCK FUTURE # PATTERN # PIN
10. HAVE VOICE RECORDER ON WATCH
11. HAVE BODY COMPOSITION FUTURE ....ETC


CONS
1. BATTERY 247 MAH
2...
READ MORE",18-24,M," Hyderabad, Telangana",Freelancer,March,2023,Q1
Good product bought from flipkart all sensors work fine full features working on samsung phones only. Great buying,Under 18,M," Ludhiana, Punjab",Student,June,2021,Q2
Everything is perfect except battery backup.... battery backup is horrible. After using all features it gives only 4hrs backup too horrible....but it is features rich watch,Under 18,M," Nawada, Bihar",Student,October,2022,Q4
"Battery was too small, with all day display on and continuous heart rate,spo2 monitoring, allow watch to sync with contacts, messages, and other apps notifications together ended up with draining battery in less than 12 hours!!!!! Charging to takes upto 40 minutes in a regular samsung 25w usual type c adapter,
ECG function never worked on my phone, even though I uses samsung phone,
The other sensors Like tracking of activity movement- that is walking, running , jogging , exact location, con...
READ MORE",55 and above,M," Ponnekallu, Andhra Pradesh",Retired,May,2020,Q2
"I purchased samsung galaxy FE supersily after using one week it's amazing very light weight and all features are very good for day to day activities SUPER and lastest launched. Worth buying. Only the battery one day, otherwise all features are very 👍",55 and above,M," Chennai, Tamil Nadu",Retired,January,2022,Q1
Battery drain quickly,25-34,M," Chennai, Tamil Nadu",Freelancer,April,2024,Q2
Thanks,Under 18,M," Sirsa, Haryana",Student,May,2022,Q2
"One of the best smart wearable in the market. Battery is the only concern. Using it for past 1 month, sleep tracking and other options(NFC payments) are very good. If you want a branded one with best options go for it.",55 and above,M," Thiruvarur, Tamil Nadu",Retired,December,2022,Q4
Overall Good product,45-54,M," Madurai, Tamil Nadu",Working Professional,April,2024,Q2
very good @ price range but battery drains like a popcorn in theater,Under 18,M," Chikkamagaluru, Karnataka",Student,April,2024,Q2
"Good product battery last more if bluetooth is off

Activity tracking is accurate and all functioning ia good",18-24,M," Kandalloor, Kerala",Freelancer,August,2021,Q3
"Good watch, excellent",35-44,F," Hyderabad, Telangana",Homemaker,January,2022,Q1
Overall it is a gior watch,25-34,M," Farrukhabad, Uttar Pradesh",Working Professional,May,2023,Q2
"Battery yet to test
Overall a great package in this segment.
All FE edition product is a good for budget Samsung Fans.",55 and above,M," Azamgarh, Uttar Pradesh ",Retired,August,2021,Q3
Same as galaxy watch 4,35-44,M," Bare, Punjab",Freelancer,September,2020,Q3
Really nice and latest as well. overall I am very much satisfied.,25-34,M," Greater Noida, Uttar Pradesh",Working Professional,November,2023,Q4
"1)Battery backup is not good
2)if you have a samsung mobile then only it works all the futures like ECG AND BP
3) display is ok in this price segment they must provide higher resolution and higher britness",25-34,F," Raichur, Karnataka ",Homemaker,October,2024,Q4
"Battery feels low as it decreases more like a smartphone,rest watch is wonderful , display 10/10 Samsung speciality, Bp and ECG only works if watch is connected to a Samsung Phone.",Under 18,M," Una, Himachal Pradesh",Student,September,2023,Q3
Love it.... sumsung always on top 🫰❤️,55 and above,M," Patna, Bihar",Retired,November,2020,Q4
"Really liked the product, especially after one ui 6 update. The battery just lasts a day it's only aspect that could have been better. Rest everything is great. Real Smartwatch",Under 18,M," Satara, Maharashtra",Student,May,2023,Q2
Battery is pretty bad. Rest everything good.,18-24,M," Bengaluru, Karnataka",Freelancer,May,2023,Q2
I loved the product very much. The only downside is the battery life. But if you buy real smartwatch you have to compromise with battery. The wear OS 6 user experience is smooth,25-34,M," Gurugram, Haryana",Freelancer,September,2021,Q3
Awesome product,18-24,F," Guwahati, Assam",Working Professional,December,2023,Q4
Battery to much drain,35-44,M," Hyderabad, Telangana",Working Professional,July,2022,Q3
"Talking about the watch pros and cons after 1 day
Pros
1.its UI is so smooth
2.better design than other smart watch
Cons
1.battery not lastingeven one day have to charge 2-3
Times a day",55 and above,M," Ambikapur, Chhattisgarh",Retired,June,2021,Q2
Battery backup is very very poor,45-54,F," Gurgaon, Haryana",Homemaker,February,2021,Q1
Super,35-44,M," Visakhapatnam, Andhra Pradesh",Freelancer,May,2021,Q2
Watch keeps on hang,Under 18,M," Polur, Tamil Nadu",Student,February,2024,Q1
I phone not connected,25-34,M,"  Pune, Maharashtra",Working Professional,February,2020,Q1
Pathetic,55 and above,M," Zirakpur, Punjab",Retired,February,2022,Q1
Very good buy for the price range.. affordable and versatile smart watche,45-54,M," Thiruvananthapuram, Kerala",Working Professional,February,2021,Q1
"So very good Samsung watc thank you
Thank you Samsung",55 and above,M," Hazaribagh, Jharkhand",Retired,March,2022,Q1
"Worst watch ,",35-44,F," Kota, Rajasthan",Homemaker,March,2020,Q1
Worst battery backup,25-34,F," East Godavari, Andhra Pradesh",Homemaker,April,2022,Q2
"Except Battery, all other features are fine",45-54,M," Bengaluru, Karnataka",Freelancer,August,2024,Q3
Watch is good but battery is not good.,45-54,M," Durgapur, West Bengal",Working Professional,November,2022,Q4
Overall good but battery drain was a major issue ..not expected,45-54,M," Faizabad, Uttar Pradesh",Working Professional,April,2024,Q2
"the battery is very poor. overall good , and battery is only upto 6 hours when you using all features.",45-54,M," Phagwara, Punjab",Working Professional,September,2021,Q3
"The product is very good compared to chinese counterparts like Boat, Noise. Tracking and sensors are far more accurate. Runs on wear OS. Lots of skins and skin customisation is also available. Battery is an issue, lasts max of 1 day on a single charge with all facilities like AOD etc.",45-54,F," Konkan Division, Maharashtra",Homemaker,July,2023,Q3
Good,35-44,M," Maddur, Karnataka",Freelancer,June,2023,Q2
Betery is very bad.,45-54,M," Kolkata, West Bengal",Working Professional,March,2024,Q1
Nice watch 😊😊,25-34,M," Changodar Gidc, Gujarat",Freelancer,July,2020,Q3
The only con is the battery life. With AOD and all,45-54,M," Berhampore, West Bengal",Working Professional,November,2023,Q4
Takes more than 2.5 hour to full charge and does not even last for 8 hours of usage. It's a headache. Don't buy.,18-24,M," Bengaluru, Karnataka",Freelancer,December,2022,Q4
Great,35-44,F, Puducherry,Homemaker,November,2021,Q4
Excellent watch,25-34,M," Faridabad, Haryana",Working Professional,August,2021,Q3
Worst battery life,25-34,F," Mannargudi, Tamil Nadu",Homemaker,December,2024,Q4
Do not buy it. Just do not buy it. The battery backup is joust worse than worst. Except only 3-4 hours of battery backup only!,25-34,F," Madhupur, Jharkhand",Homemaker,December,2020,Q4
Good product,25-34,M," Ballia, Uttar Pradesh ",Working Professional,October,2021,Q4
Absolutely value for money,35-44,M," Bengaluru, Karnataka",Working Professional,October,2021,Q4
"Its too small size, not for boys.",18-24,M," Talala, Gujarat",Freelancer,February,2022,Q1
"Battery backup is pathetic, major features work only on samsung mobiles( ECG,BP,.....",18-24,F," Hyderabad, Telangana",Working Professional,December,2024,Q4
Value for money,25-34,M," Diu, Daman and Diu ",Freelancer,November,2021,Q4
"The only Problem it has is Battery backup if you customize it a little or use battery saver(having restricted features) then max to max it will last for 1 to 1.5 days .
charging speed is also slow so make that fit in your head that for an hour you will have to charge every day.

If you don't have samsung phone then ECG and heart monitor will not work.overall its a good watch , display build quality all features connectivity is good feel premium in ur hands. pricing could have been more aggres...
READ MORE",25-34,F," Shirur, Maharashtra",Working Professional,September,2021,Q3
not good product,25-34,M," Udaipur, Rajasthan",Working Professional,January,2021,Q1
Amazing and affordable watch from samsung.,25-34,M," South East Delhi, Delhi ",Freelancer,September,2022,Q3
This watch was very nice but is bettery was not good but okay and disingn so nice 👍,35-44,M," Uttar Bastar Kanke, Jharkhand",Working Professional,April,2024,Q2
Gr8,18-24,F," Kakching, Manipur",Working Professional,March,2021,Q1
Okay type,18-24,F," Burdwan, West Bengal",Working Professional,November,2021,Q4
Battery is worst and steps calculating is not accurate. It is just making difficult for me to analyse steps,25-34,M," Namakkal, Tamil Nadu ",Freelancer,March,2024,Q1
"Best Value for money in this rate
Thanku Samsung❤️🎀",Under 18,M," Kendujhar, Odisha",Student,February,2020,Q1
"Battery not coming even 24 hours,very poor battery 🔋 stamina from samsung. And there is no possibility for return or exchange",18-24,M," Warangal, Telangana",Freelancer,April,2020,Q2
everything is good just battery backup is poor,Under 18,M," Siliguri, West Bengal",Student,June,2023,Q2
Battery is pathetic. Not worthy for money,25-34,M," Idukki, Kerala",Working Professional,February,2023,Q1
It was so good product from samsung and I am using with samsung a35 the paring was so good to use like apple products and syncing under best budget one of the best thing you can use like apple 🍎 and I do not face any issue with watch and I am getting overall battery for full a charge is around 22 hours with basic features on,45-54,F," Hyderabad, Telangana",Homemaker,September,2024,Q3
Best watch in this budget even for iPhone user . There are some tricks,55 and above,M," Dobaspet Industrial Area, Karnataka",Retired,March,2023,Q1
Very good,Under 18,M," Hyderabad, Telangana",Student,March,2022,Q1
Don't buy this watch. big problem in battery exhaust.... in a single day I am changing My watch 2 time so please don't buy,35-44,F," Jammu, Jammu and Kashmir",Homemaker,February,2023,Q1
Not good,Under 18,F," Pimpri Chinchwad, Maharashtra",Student,August,2024,Q3
Nice,45-54,F," Hyderabad, Telangana",Homemaker,July,2022,Q3
"I am using this watch, but after 2hrs of use rashes starts developing",25-34,M," Bengaluru, Karnataka",Freelancer,December,2021,Q4
The only issue is that ECG and Blood pressure monitoring is supported only with Samsung phone,18-24,M," Jhajjar, Haryana",Working Professional,September,2024,Q3
Not connected with I phone,45-54,M," Sahaswan, Uttar Pradesh",Working Professional,June,2023,Q2
Very poor back up. Lasts only for one day. ECG and Blood pressure only available for Samsung phone users...,45-54,M," Thiruvananthapuram, Kerala",Freelancer,July,2024,Q3
"Good product.
The 40mm size is perfect for my wrists.
Charging is okay.
Battery performance is good.",18-24,M," Jamshedpur, Jharkhand",Working Professional,February,2020,Q1
"It is a low-cost smartwatch-like fitness band. It looks really premium in your hand.

Pros
1. You can use it as a smartwatch and fitband tracking your fitness activities with your mobile's notifications on.
2. Can check who is calling, and even reject it. Limited message reply facility.
3. You can access calendar, alarm, stopwatch, timer, world clock, weather and phone camera (and video) through this.
4. I like the inbuilt calculator, alarm and calendar features, which are helpful to me.
5....
READ MORE",55 and above,M," Rourkela, Odisha",Retired,February,2020,Q1
"Battery life will last only for 3Days ,if you are doing sleep tracking.
Display is smooth and responsive.
Charging speed is slow
Band is of average quality
Tracking works perfectly with proper data
Notification also works properly
Comfortable to wear",Under 18,M," Wayanad District, Kerala",Student,August,2021,Q3
Easy to use and excellent battery life,25-34,M," Kanpur, Uttar Pradesh",Working Professional,July,2024,Q3
"Liked it, Worth the price 🙌",25-34,M," Othukkungal, Kerala",Freelancer,August,2021,Q3
"Good Display
Battery Easily work 8-9 days when always connect Bluetooth, Gps",25-34,M," Bikaner, Rajasthan",Freelancer,October,2024,Q4
"good quality and good design. heart rate and blood oxygen and stress tracking is good.also step count is also 90% accurate. in this budget range no other brands give 100%. big problem is sleep tracking is not good, I didn't believe Samsung like brand give this type of sleep tracking sensors even brands like noise is giving good sleep tracking. I hope Samsung will solve this problem with an update in future",55 and above,M," West Godavari, Andhra Pradesh",Retired,June,2023,Q2
look is awesome,18-24,M," Malappuram, Kerala ",Working Professional,March,2020,Q1
"I have used almost all high end smart watches from pixel, samsung and apple. There are pros and cons of each. I can write 100 lines bla bla bla.
I have not used the galaxy watch since i wore this. Its the 6th day without charge and it still shows 43% battery. It tracks my workouts and sleep and notifies me if I get a call, I have never used a smartwatch other than these three functions.
Its the best",25-34,M," Meerut, Uttar Pradesh ",Working Professional,April,2023,Q2
Everything is good. Its been a week i have charged the band still i have 30% left. Display is good. Only drawback is it doesn't support whatsap notifications,25-34,M," Hyderabad, Telangana",Freelancer,March,2021,Q1
Ok,18-24,M," Chikmagalur District, Karnataka",Freelancer,October,2020,Q4
Got this under offer and its worth every Penny. If you workout regularly or take daily morning walk to keep yourself healthy and want to keep a measure of your activity then just go for it.,18-24,M," Bhilai, Chhattisgarh",Working Professional,May,2024,Q2
Good style and looking. Perfect for those with small wrists. Best design.,45-54,M," Chinsurah, West Bengal",Freelancer,February,2022,Q1
"It measures fake steps that's the big problem with this
Sleep monitoring good looks wise good",35-44,F," Anantapur, Andhra Pradesh",Homemaker,May,2022,Q2
"The Step counter is not even close to Accurate even in walking / running modes . I have used GYM Treadmill and did run for 3 Km continuously but it only shows 2.6 km , A 400 m difference. Lost trust in Samsung, I hope they fix this issue with updates. It's good for people who just want to maintain consistency for workouts.",18-24,M,"  Pune, Maharashtra",Working Professional,October,2021,Q4
The product is good. Nice look. Hated Made in China,18-24,F," Serampore, West Bengal",Working Professional,June,2021,Q2
Thanks flipkart.Nice Watch,35-44,M," Bulandshahr, Uttar Pradesh ",Freelancer,October,2023,Q4
"steps tracking is very accurate. if you are looking for a fitness and activity tracker , then this is the best one in this budget. you might get a lot more features in some other chinese smart watch in this budget but the activity tracking and heart rate tracking in those smart watches will not be a match to this samsung fit 3.
if you are someone who prefers quality over quantity,then go with this",35-44,M," Krishna, Andhra Pradesh ",Freelancer,February,2021,Q1
"Good band.
Display is awesome.
Look over priced but software experience is very good.
Recommended.",35-44,M," Panchkula, Haryana",Working Professional,November,2021,Q4
Loved the product so much better than the chinese counterparts. Well designed software really intuitive and smooth. Was earlier using cult smartwatch which I got it exchanged three times due to bad quality. Only the battery life is 7 days not 13 days as claimed by samsung btw charging speed is next level,25-34,M," New Delhi, Delhi",Freelancer,October,2024,Q4
Best fitness band at this price. No complaints as of now.,25-34,M," Belagavi, Karnataka",Freelancer,July,2023,Q3
My main purpose is to buy this band for tracking purpose but I'm very disappointed,45-54,M," New Delhi, Delhi",Working Professional,June,2023,Q2
"Pros -
Looks good. Nice Display. Not too pricy. Better software than others in the same price range out there.

(Come on Indian brands!!! Rooting for you guys to get better!)

Cons, Things that could improve -

Addition of 2 more buttons. Would love to completely control my music from the band's buttons.

Music app should stay open if I've opened it once till I go back. I want to be able to quickly switch tracks from the watch while driving.
(Basically please copy what the pebble steel did f...
READ MORE",45-54,M,"  Pune, Maharashtra",Working Professional,March,2020,Q1
"First problem: poor sleep tracking
Second problem : automatically pauses activity tracking while walking or gym, and does not resume.
In said price, I would advise different product.
You need to install weable app which does not work with older android phones, so definitely not worth it",35-44,M,"  Pune, Maharashtra",Working Professional,September,2024,Q3
Facing difficulties in disconnecting calls in the smartwatch. Smart watch vibrates and alerts even after the call is taken on the phone and spoken. Happened multiple times in the last 4 days.,18-24,M," Bengaluru, Karnataka",Freelancer,November,2020,Q4
"Need to be Lar, Uttar Pradeshger Display......",45-54,M," Hyderabad, Telangana",Freelancer,June,2023,Q2
Nice,18-24,M," Nashik, Maharashtra",Working Professional,August,2023,Q3
"Quality: 9/10
Display: 10/10
Accuracy:9/10
Battery: 8/10
Price: It Got In 3800 Best Value For Money Watch In This Price
Tracking And Accuracy: 9/10

Easy To Use

Size Is Perfect",45-54,M," Nagaur District, Rajasthan",Working Professional,August,2023,Q3
I really liked this Samsung Fit3 watch. It's so light weight and you will not feel uncomfortable in night while sleeping. Also it has awesome silicone start which is so good 👍 Must recommend,18-24,F," Bengaluru, Karnataka",Working Professional,May,2020,Q2
"It's good for fitness tracker .
As I had mi band in past it's on par or even better in terms of tracking
Wish display could have been symmetrical but Samsung being Samsung cost cutting",25-34,M," Nagpur, Maharashtra",Freelancer,March,2022,Q1
"Slim neat design/Easy to connect/

Strange thing: you can disconnect call but cant attend one.",18-24,M," Chennai, Tamil Nadu",Working Professional,April,2022,Q2
"Display Clarity is Good, Display Size is unique which I personally liked. Battery drain very quick which is not good.",Under 18,F," Baloda Bazar, Chhattisgarh",Student,December,2023,Q4
I will be use this watch high to medium value for money,35-44,M," Bhopal, Madhya Pradesh",Working Professional,May,2023,Q2
"Battery could be better.

Overall it's good 👍",55 and above,M," Bengaluru, Karnataka",Retired,January,2020,Q1
"Pros:
Premium look and Feel
Value for Money
Beautiful Amoled Display
Comfortable to wear
Value for Money
Good Features with efficient tracking
Cons:
1. No Gorrila Glass/other protection the Beautiful display is very prone to scratches
2. No good Accessories available in the market nor the official ones.
3. Sleep tracking needs improvement.",35-44,M," Jaipur, Rajasthan",Working Professional,May,2023,Q2
Does the job. Don't expect Galaxy Watch Series experience from this. Afterall it's a Fitness Tracker not a smartwatch.,35-44,M," Kolkata, West Bengal",Working Professional,November,2022,Q4
"Excellent product 🤩 I am happy with this product. But it's charges very slow. But fully feature loaded band for sumsung

Thank you 😊 flip kart",25-34,M," Guna, Madhya Pradesh",Freelancer,May,2020,Q2
Excellent Product 👍😎⌚👌,18-24,M," Pen, Maharashtra",Working Professional,January,2023,Q1
Everything is going to smooth n my phone samsung galaxy m20 which is working on Android 10 n this watch ⌚ working damn good sooo I'm happy with this sooo must go for this ...,Under 18,M," Bakshi Ka Talab, Uttar Pradesh",Student,March,2024,Q1
"best flipkart delivery experience and best selling price on flipkart available rather than on official website, gud experience",55 and above,M,"  Pune, Maharashtra",Working Professional,September,2022,Q3
Everything is perfect I am facing problem with step counter if u ride bike it count's steps by Handel vibration of bike rather than that Everything is great,Under 18,F," Kalaburagi, Karnataka ",Student,June,2022,Q2
Product is good and gen,25-34,M," Purbi Singhbhum District, Jharkhand",Freelancer,September,2020,Q3
Good,Under 18,M," Yadgir, Karnataka",Student,July,2024,Q3
Good,25-34,M," Navi Mumbai, Maharashtra",Working Professional,January,2020,Q1
"I have been using it for more than 6 months, each day it works as a new one
Loved it's UI and freshness

One disappointing thing is that we can't answer call and we can't call in that
If the two options would have been there means it would have been a cult classic super smartband",55 and above,M," Guntur, Andhra Pradesh",Retired,May,2024,Q2
Good product,55 and above,M," Salem, Tamil Nadu",Retired,August,2020,Q3
"Great Product, No one is telling the truth. It has Always on display and auto brightness. But last only for 3 to 4 days on single charge and charge in less than 45 mint to be precise.",35-44,M," Kaithal, Haryana",Freelancer,July,2020,Q3
"Watch is very good but it is very un comfortable
And it is very hard to remove from hand
And it also lack some features
And it count ghost step
Like I I am traveling in bike or car
The watch starts to count my foot steps
It's goes beyond 30 thousand+
These are the major issues
Other wise the fitness watch is okay
You can charge the watch by connecting it to your phone
No need to buy charger
Build quality is very good
But display is bit small",18-24,M," Aurangabad, Maharashtra ",Working Professional,April,2023,Q2
"Not accurate specifically on step counts, while travelling through the road if you get bumpy shakes it will count fake ghost steps even when you're not wearing it.",25-34,M," Thane, Maharashtra",Working Professional,December,2024,Q4
Battery backup is very low,18-24,M," Kaithal, Haryana",Freelancer,November,2020,Q4
"Disconnects very often, sleep tracking is not very good, not that value for money.",25-34,M," Noida, Uttar Pradesh",Working Professional,June,2023,Q2
"Too much battery consume , else the product is good",35-44,M," Hailakandi District, Assam",Working Professional,December,2020,Q4
"No value for money
Poor features for the price
Good looking product excellent design",55 and above,F," Shiggaon, Karnataka",Homemaker,July,2023,Q3
"Fit band was really good, but activities are not working Step count not working Full activities Taking features is not working Really nice products Good fit band.",18-24,M," Ganjam, Odisha ",Freelancer,July,2022,Q3
Aod is not up to the mark..else good,18-24,M," Bilaspur, Chhattisgarh",Freelancer,October,2022,Q4
"This is a perfect Budget friendly fitness tracker. Don't confuse it with a smart match. The sleep monitor, BPM, Spo2 and Steps counting are accurate in this price segment.
Guys with fitness or health in mind , can blindly go for it. This is the most reliable tracker in the segment.",35-44,M," Hyderabad, Telangana",Freelancer,January,2024,Q1
"It meets everything mentioned in the specification.
Cons: Accuracy of fitness activities could have been better.",Under 18,M," Dharmapuri, Tamil Nadu",Student,July,2023,Q3
Watch nice,45-54,M," Kallakkurichi District, Tamil Nadu",Working Professional,November,2023,Q4
I love it. Activity tracking is on point. Feels premium and works well with my S23.,25-34,M," New Delhi, Delhi",Working Professional,March,2024,Q1
NICE,25-34,M," Kolkata, West Bengal",Working Professional,March,2024,Q1
MUST BUY,Under 18,M,"  Pune, Maharashtra",Student,May,2022,Q2
"Rahe fit and on time with the well balanced blend of design and functions. It's aesthetic does not grab attention but shouts out it's capabilities when it comes to the features. It gives a very accurate measurement of my sleep schedule and fitness and health tracking. The interface is very user friendly and easy to use. It's battery life is also amazing can work upto a week. The always on display feature make it easier to know the time at a glance on your wrist. It's a balance of simplicity a...
READ MORE",25-34,F," Varanasi, Uttar Pradesh",Homemaker,May,2022,Q2
Finally a fitness tracker which is true to its name.,55 and above,M," Kolkata, West Bengal",Retired,March,2021,Q1
If you're looking for fitness then Better to go for this instead of so called smartwatch under 5k. It is accurate than the other smartwatches in the segment and the app support along samsung health is added advantage,55 and above,M," Bengaluru, Karnataka",Retired,October,2020,Q4
Just a wow. I'm comfortable wiith smartband. They are light weight and comfortable. And this is the real smartband. It's from Samsung. So the sensor's are accurate. Sleep tracking and othe sports activities are recorded accurately. Always on display is there. Lovely battery backup with AOD on. Overall satisfied.,Under 18,M," Kolkata, West Bengal",Student,October,2022,Q4
Fitness tracking is accurate,25-34,M," Kankavli, Maharashtra",Freelancer,July,2022,Q3
It is a good product,45-54,M," Kolkata, West Bengal",Freelancer,September,2020,Q3
Value for money,35-44,M," Jammu, Jammu and Kashmir",Working Professional,September,2020,Q3
"Wonderful products, wow 👌 thanks filipkert
Amezing",Under 18,F," Chennai, Tamil Nadu",Student,January,2022,Q1
Best buy,18-24,M ," Uppinangady, Karnataka",Freelancer,June,2022,Q2
Good,18-24,M," Hyderabad, Telangana",Working Professional,September,2023,Q3
"I recently bought this watch and I'm quite impressed. When I first saw it, I noticed that it felt less like a fitness band and more like a smartwatch.Samsung has designed the Galaxy Fit 3's UI so well that it operates smoothly without any lag, whether you're using it for tracking or sleep monitoring. In the 5-6k budget range, this watch is truly a value-for-money product.The strap is also of very premium quality🙌🏼🩵✨️",25-34,F," Mokalsar, Rajasthan",Homemaker,July,2024,Q3
Battery work hardly 3 to 4 days. Sleep tracking is not accurate always showing wrong data.,Under 18,M," Fatehpur, Uttar Pradesh ",Student,March,2023,Q1
"Important: For people who are using airtel prepaid,esim activation will not work.Stupid airtel wants you to convert your prepaid to postpaid.only then it will work.For jio prepaid,esim will work.I had to port my number from airtel to jio.",55 and above,M," Gangtok, Sikkim",Retired,November,2024,Q4
Good. But battery 🔋 backup need to improve,25-34,M," Patna, Bihar",Working Professional,May,2024,Q2
It is a pretty good watch to pair with any ANDROID phone. Recommended to buy LTE as this won't require Bluetooth most of the time to connect.,45-54,M," Indore, Madhya Pradesh",Freelancer,May,2023,Q2
"This is the finest smartwatch, even better than the more higher rated watches. The watch faces are immaculately crafted. Getting BP checked and observing your ECG are exceptional features.The very best watch",18-24,M," New Delhi, Delhi",Freelancer,April,2020,Q2
"Second time purchase samsung smart watch.
I purchased first time samsung watch 4 but this was just bought smart watch 7 LT.
It's design is suprb.
Slik and soft in use.
Green strap is also too good. I was worried about green colour strap but it's fantastic.
Health monitoring app like samsung health monitor is additional features for samsung phone. But it's functioning and health monitoring features is superb.
For ECG you should need bp monitor machine additional to perfect and necessary.
Watc...
READ MORE",25-34,M," Gopalganj, Bihar",Freelancer,February,2020,Q1
Good watch value for money,55 and above,M," Mumbai, Maharashtra",Retired,July,2021,Q3
This watch does not come with a charging plug. Make sure you order 1 aswell. I have to reorder a plug. Cannot use watch . Bought a Roarx C-Type charger ..now awesome 👌,35-44,M," Puttaparthi, Andhra Pradesh",Working Professional,November,2021,Q4
"The watch has got some really cool features but the battery life on this pathetic, you hardly get 10 to 12 hours of battery life with all the sensors and the features enabled.",18-24,M," Vizianagaram, Andhra Pradesh",Working Professional,September,2020,Q3
"Good but battery is 10,,,,hour is use psr charge",55 and above,F," Mauganj, Madhya Pradesh",Homemaker,December,2021,Q4
Got it in discount in bbd and its wqy better than i expected,Under 18,M," Gurgaon, Haryana",Student,June,2024,Q2
"Bought this watch for a very competitive price during the big billion day. I have been using this device as a daily device. Everything has been crafted in this watch. Only backdrop is battery backup with all features switched on, it hardly lasts for a day. By turning off unwanted features for our daily use I am seeing good change in battery life. I suggest and recommend everyone to buy this product if they are looking for a smart watch with LTE. Best android watch. I Bought this watch for 15K...
READ MORE",Under 18,M," Paramathi, Tamil Nadu",Student,February,2024,Q1
Next level,45-54,M," Alappuzha, Kerala",Working Professional,October,2024,Q4
"The watch is really cool and feature loaded. Lte also gets installed easily from non samsung phones, but only for the Jio connection. Must buy.",25-34,M," Bengaluru, Karnataka",Freelancer,November,2021,Q4
"Watch is good, activity tracking is also accurate, battery life is very poor and runs only for 24 hrs, you need to have a Samsung smartphone to get the best out of this watch.",Under 18,M," Bengaluru, Karnataka",Student,April,2024,Q2
"Awesome product and delivery was very fast
Thank u flipkart for the effort",18-24,M," Madurai, Tamil Nadu",Working Professional,December,2023,Q4
"Watch looks impressive but I have many issues due to which I have given 2 atra-

1. The description says it is the classic version but it is actually a normal version. So I felt betrayed.
2. I paid extra money for late feature but after buying I found out that you need to have postpaid version of the sim and also Samsung phone (except jio) to activate e sim. So unless you use jio sim, no need to pay extra money for late version. They should have mentioned this in description.

3. Battery life...
READ MORE",18-24,M," Noida, Uttar Pradesh",Freelancer,August,2023,Q3
"Samsung Watch 6 is good. But other android mobile users disappointed some futures not working like BP and ECG. I am using a Pixel 8 pro so the Samsung health morning app has not found the google play store.
Samsung pushes every one to buy only his own product. Samsung monopoly boss😃😃",55 and above,F," North Twenty Four Parganas District, West Bengal",Homemaker,March,2023,Q1
"After three days of using the Samsung Galaxy Watch 6 LTE, which I received on August 6th, I can confidently say it's amazing! As a first-time Galaxy Watch user, I'm thrilled with it. The display is stunning, and it handles almost everything I need without carrying my phone. I'm very happy with this Galaxy Watch. Call quality is excellent without any disturbance, making hands-free conversations a breeze. However, the battery only lasts about a day on a single charge with my current usage.",Under 18,M," Howrah, West Bengal",Student,March,2024,Q1
Nice Watch Premium Look,18-24,M," Nashik, Maharashtra",Freelancer,November,2024,Q4
"Nice product, premium watch,",55 and above,M," Raigarh, Chhattisgarh ",Retired,February,2024,Q1
Battery life is less and also some features are not there for other non Samsung android devices. Hope this gets enabled for every device,55 and above,M," Bengaluru, Karnataka ",Retired,February,2021,Q1
"Maximum features only supporting by Samsung galaxy mobiles only, other mobiles won't feature",55 and above,M," Karapa, Andhra Pradesh",Retired,January,2021,Q1
"It's really great product,
I kept an aim not to use phone more than I came up with watch

Answering the call using watch, fitness from watch, music I won't listen alot but using it ..

Battery upto evening I am getting charge, again evening around 7 I am keep charge .

Display awesome

Fitness tracking is good

Features are looking great

No waste or feel like carrying the watch .

Thanks",25-34,M," Rajahmundry, Andhra Pradesh",Working Professional,April,2022,Q2
"Best watch overall, i got in sale only for 17k i have lte version which is superb to use Battery is not too much good but decent for day to day life in single charge you can expect 1.5 days Battery backup easily if you off always on display , i like the watch",45-54,M," New Delhi, Delhi",Working Professional,September,2020,Q3
Good but slow on internet,35-44,M," Gwalior, Madhya Pradesh",Freelancer,December,2022,Q4
After using just 2days nothing more to describe...later I will give some review..,55 and above,F," Asansol, West Bengal",Homemaker,July,2024,Q3
"VERY GOOD SMARTWATCH.
DISPLAY VERY GOOD
BATTERY MUCH IMPROVEMENT OVER SAMSUNG WATCH 4 WHERE WATCH WAS TO BE CHARGED TWICE A DAY.
WHY WAS SPECTICAL BEFORE BUYING THIS AS WAS WORRIED ABOUT BATTERY LIFE
BUT IT MET MY EXPECTATIONS AND EVEN AFTER Good USE I GET 1 TO 1 AND HALF DAYS BACKUP WITH LTE AND DATA ON",55 and above,M," Nagpur, Maharashtra",Retired,March,2022,Q1
All features works with only samsung phone,18-24,M," Bengaluru, Karnataka",Working Professional,February,2020,Q1
Good,45-54,F," Asansol, West Bengal",Homemaker,October,2024,Q4
Good,35-44,M," Paravai, Tamil Nadu",Student,March,2021,Q1
Excellent performance,45-54,M," Visakhapatnam, Andhra Pradesh",Working Professional,May,2024,Q2
Average experience,45-54,M," Anugul, Odisha",Working Professional,October,2024,Q4
bettery could have been better,18-24,M," Ambassa, Tripura",Freelancer,June,2022,Q2
Average,18-24,F," Rajahmundry, Andhra Pradesh",Working Professional,March,2022,Q1
Feels good with this product.,45-54,F," Periya Negamam, Tamil Nadu",Homemaker,October,2022,Q4
Its awesome,18-24,M," Melur, Tamil Nadu",Working Professional,January,2021,Q1
Great product,Under 18,M," New Delhi, Delhi",Student,November,2020,Q4
"The biggest con I find is that this is a LTE smartwatch with no way to track location! Even LTE calling is difficult to setup, and won't get setup at all if you don't have a Samsung phone! If you don't absolutely need LTE, better to buy the normal BT version instead since rest of the features are very good",Under 18,M," Bengaluru, Karnataka",Student,November,2024,Q4
Bad battery backup 😕 but look attractive,25-34,M," Basti, Uttar Pradesh",Freelancer,December,2023,Q4
Battery is not lasting for 24 hrs also,Under 18,M," New Delhi, Delhi",Student,March,2021,Q1
Goid,Under 18,M," Roorkee, Uttarakhand",Student,July,2022,Q3
Very Very beautiful and very Very good 👍 protect,Under 18,F," Cuddalore, Tamil Nadu",Student,October,2023,Q4
Excellent product with excellent price,35-44,M," Sambalpur, Odisha",Freelancer,April,2022,Q2
Using since 2 months ....very good,Under 18,M," Ernakulam, Kerala",Student,May,2020,Q2
Good 👍,55 and above,M," East Godavari, Andhra Pradesh ",Retired,August,2020,Q3
Sometimes face issue with navigation.. rest all awesome..,Under 18,F," Thiruvananthapuram, Kerala",Student,April,2022,Q2
Poor battery,55 and above,M," Alibag, Maharashtra",Retired,September,2023,Q3
Great,18-24,M," Kalyan, Maharashtra",Working Professional,January,2023,Q1
Forest product money waste,55 and above,F," Khammam, Telangana",Homemaker,July,2021,Q3
"Product is good. I feel, charger adapter should also be given along with it, given the high price",55 and above,M," Mumbai, Maharashtra",Retired,May,2024,Q2
Nice product but battery 🔋 is not run at least one day,25-34,M," Chitgoppa, Karnataka",Working Professional,March,2021,Q1
good,45-54,M," Kozhikode, Kerala",Freelancer,April,2021,Q2
Excellent product,18-24,M," Bengaluru, Karnataka",Freelancer,February,2022,Q1
Best android smartwatch,55 and above,M," New Delhi, Delhi",Retired,August,2023,Q3
Samsung is my first priority even in phone also,55 and above,M," Firozpur, Punjab",Retired,May,2022,Q2
Please provide additional compatibilities with smartphones other than samsung,Under 18,M," Ghumarwin, Himachal Pradesh",Student,September,2024,Q3
A feature load smartwatch with BP and ECG measuring app. Battery lasts for a day. LTE cannot be used in battery saver mode,Under 18,M," New Delhi, Delhi",Student,February,2020,Q1
If you want a true smart watch go for it.,25-34,M," Chennai, Tamil Nadu",Working Professional,December,2021,Q4
"I have been using this for 5 days , The battery is the worst while using lte we have to charge 2 times a day, The display is good , The sleep monitor will only record only at night if we sleep in the afternoon It wont record.",18-24,F," Hyderabad, Telangana",Working Professional,June,2021,Q2
Awesome....better it had more battery capacity on LTE usage. On Bluetooth and watch only mode ..its giving pretty good..battery life. In Total Value for money....packed with features,55 and above,M," Kottayam, Kerala ",Retired,May,2023,Q2
Lte works perfectly with any android mobile,35-44,M," Jhargram, West Bengal",Freelancer,April,2020,Q2
Great purchase,Under 18,M," Bikaner, Rajasthan",Student,October,2024,Q4
"Happy with the purchase, great features",Under 18,M," Lucknow, Uttar Pradesh",Student,January,2022,Q1
Battery is poor. Lost only for 1 day. U can get max value with only Samsung Mobiles. Because of Samsung Health App integration. Design is ok. Tap and pay feature is Super. Cant trust BP and ECG features.,45-54,M," Hanamkonda, Telangana",Working Professional,November,2023,Q4
Available gesture can be done in reverse for doing other tasks. Hope We get that in next update,35-44,M," Solapur, Maharashtra",Working Professional,November,2024,Q4
"Quality best, battery very poor...",45-54,M," Pimpri Chinchwad, Maharashtra",Working Professional,May,2020,Q2
"Battery life is too poor
Need to change twice a day",18-24,M," Hassan, Karnataka ",Freelancer,February,2020,Q1
One of the worst purchase. After couple of updates the watch seems to act weird. You have to keep pressing the button to start the display and post update the health tracking is not even close to accuracy. My suggestion to everyone if you have money please go for Apple watch,35-44,M," Guwahati, Assam",Working Professional,October,2021,Q4
Awesome pr,55 and above,F," Moradabad, Uttar Pradesh",Homemaker,September,2022,Q3
Battery lasts for less than a day...very difficult to manage during travel... Major issue is with ECG and blood pressure tracking...it works only in Samsung phone.,18-24,M," Thane, Maharashtra",Working Professional,January,2022,Q1
Best smart watch ⌚,55 and above,M," New Delhi, Delhi",Retired,March,2020,Q1
"Needs 2 time battery charge a day. You can use your mobile type C port to charge the watch. Most of the mobile supports reverse charging.
Watch Heat up when LTE, GPS and wify is running.Only power saver mode lasts more than a day.
ECG and blood pressure are restricted to Android phones.
Limited support for apps.Too Hyped but actually offer little to the fitness enthusiast.
If you are looking for more usable fitness tracking then go for Amazefit or something else with more battery life, small...
READ MORE",45-54,M," Ghaziabad, Uttar Pradesh",Student,January,2022,Q1
Good product,35-44,M," Mainpuri, Uttar Pradesh",Freelancer,January,2021,Q1
Very good product and offer by Flipkart thanks Flipkart for best de,45-54,M," Kanpur, Uttar Pradesh",Working Professional,September,2021,Q3
Watch quality is excellent. Only for Android.,35-44,M," Greater Noida, Uttar Pradesh",Freelancer,May,2024,Q2
Defective not connecting to any phone,25-34,M," Vadodara, Gujarat",Freelancer,April,2020,Q2
dont but this . this fit for only samsung only not for all android mobiles,Under 18,M," Rajahmundry, Andhra Pradesh",Student,October,2020,Q4
Very good product. Worth of buy. Battery capacity only wants to improve. The remaining all are good. ECG and Blood Pressure are not working they are only in Samsung phones only..,25-34,M," Sri Potti Sriramulu Nellore, Andhra Pradesh ",Working Professional,June,2020,Q2
Good,35-44,F," Bhuj, Gujarat",Homemaker,November,2020,Q4
Not working with non Samsung phones. Pathetic battery life,55 and above,M," New Delhi, Delhi",Retired,February,2021,Q1
Good product but battery performance is poor but product is good,18-24,M," Dhoraji, Gujarat",Working Professional,December,2020,Q4
"Nice Watch but you guys Missguided this is not Classic (47mm). It was just normal LTE watch , Battery will be lasts for a day or more.",35-44,M," Jaipur, Rajasthan",Working Professional,May,2021,Q2
"The watch is amazing. Got for 16k in BBD. It has all the health monitoring, activity tracking and GPS is also good. LTE makes it more useful. Excellent connectivity with Samsung devices.

Only thing that's needs an upgrade here is the battery life. Battery life is only 2 days max.

Otherwise the watch is a no brainer. Just go for it if you don't want to spend 30-40k.",55 and above,M," Dewas, Madhya Pradesh",Retired,November,2024,Q4
From first day there is issue,45-54,M," Bhusawal, Maharashtra",Working Professional,February,2020,Q1
Value for money with effective features,35-44,F," Jaipur, Rajasthan",Homemaker,May,2023,Q2
"Do not buy this product if you don't having
Samsung galaxy device. This is cheating from samsung.",25-34,M," Ranga Reddy, Telangana",Working Professional,March,2021,Q1
Battery had to be replaced in 10 days,35-44,M," Gurugram, Haryana",Working Professional,June,2022,Q2
"For this watch we need to have samsung phone, without samsung phone can't utilize all application in this watch such like BP and ECG.
Battery backup is not good, try a different option",45-54,F," Pimpri Chinchwad, Maharashtra",Homemaker,June,2020,Q2
Nice watch ok with all thing,18-24,M," Jahanabad, Uttar Pradesh",Working Professional,February,2021,Q1
Awesome smart watch. Thank you Flipkart for giving excellent offer on watch.,Under 18,M," Chennai, Tamil Nadu",Student,May,2023,Q2
Very nice product.,35-44,M," Vadodara, Gujarat",Freelancer,February,2022,Q1
"Battery lasts only a day. Touch is not as smooth as phones; need to apply some pressure for touch to work. If I get an option of buying it again even in 5K, I wouldn't buy.",25-34,F," Jaipur, Rajasthan",Homemaker,October,2024,Q4
Excellent watch,25-34,M," Bengaluru, Karnataka",Working Professional,April,2024,Q2
"Watch is very good, LTE version is worth buying, no need of Taking phone everyday, but not all features are available in india, samsung pay, BP monitor and ECG is missing, hope samsung gives that soon, Watch looks look, comfy feel, with moderate use battery lasts for 2 days on average..some features nor yet avaliable in india like ECG, BP monitor and Samsung pay, hope samsung brings that soon",18-24,M," Shimoga, Karnataka",Freelancer,February,2022,Q1
"awesome watch one of the best watch in this price range
drawback of this watch is there is no ecg and samsung pay support available in India but you can enable through a typical method",35-44,M," Aligarh, Uttar Pradesh",Freelancer,October,2023,Q4
"Not worth for the price.
No Charger in the box.
Display and Built Quality is good.
Many features are not working in non Samsung devices when the Galaxy Wearable app is not open.
Battery 1.5day to 2 days max(with location and Bluetooth on).
And I also have concern over Magnetic strap, not so powerful magnet.",35-44,M," Bengaluru, Karnataka",Freelancer,June,2021,Q2
Dream comes true by Samsung and Flipkart.,Under 18,M," Aurangabad, Maharashtra ",Student,November,2024,Q4
"Post using the product for a few months. My overal experience:

1) battery life last for 3 days only after disabling 65 percent of the features. Ironaically, this watch
was suppose to give 4-5 days of battery life. Would have given 5 star rating if battery lasted 5 days.

2) It is loaded with features. Fitness tacking quality is good. Though gps tracking takes time to be active.

3) Spo2 tracking quality is average and shows vairance frequently in compare to real device.

4) Can install bp a...
READ MORE",25-34,M," Bengaluru, Karnataka",Working Professional,May,2023,Q2
Battery backup should be better and samsung should enable all the features for india too,45-54,M," Bengaluru, Karnataka",Working Professional,June,2024,Q2
"Nice Watch.
Premium look.
Every feature available.",45-54,M," Bengaluru, Karnataka",Freelancer,January,2024,Q1
Good,Under 18,M," Sukdal, West Bengal",Student,October,2021,Q4
Excellent watch,55 and above,F," Bhubaneshwar, Odisha",Homemaker,November,2023,Q4
Good product,18-24,M," Gandhidham, Gujarat",Working Professional,December,2022,Q4
Giving lower rating as this too much expensive but missing features in India so can get watch with similar feature in less,35-44,M," Hajipur, Bihar",Working Professional,April,2021,Q2
Nice product. Value for money,45-54,M," Hyderabad, Telangana",Working Professional,December,2021,Q4
"Friendly user ,can type in mother tongue, chargers are available in common functions ",45-54,F,"Dombivali, Maharashtra ",Working Professional,December,2021,Q4
"It typically track a variety of health metrics, such as heart rate, steps taken, and sleep quality, monitoring the fitness and overall well-being. The data helps to set and achieve health goals, leading to more informed lifestyle choices.",35-44,F,"Mumbai, Maharashtra ",Working Professional,November,2021,Q4
"Samsung watch is not compatible with any other phone , only works with wifi ",45-54,F,"Pune, Maharashtra ",Homemaker,February,2022,Q1
Nice,45-54,M,"Aurangabad, Maharashtra ",Working Professional,June,2020,Q2
Good ,35-44,F,"Vashi, Maharashtra",Working Professional,December,2024,Q4
"Idon’t wear wearable health devices often, but whenever I do, they serve as a great source of motivation to stay active. Tracking my daily steps and exercise progress helps me maintain a healthy routine. These devices make it easier to set and achieve fitness goals. ",18-24,F,"Panvel , Maharashtra ",Student,June,2022,Q2
Its good and all,18-24,M,"Kochi, Kerala",Student,February,2024,Q1
It is best health device.,45-54,M,"Aurangabad, Maharashtra ",Working Professional,January,2022,Q1
Satisfied with Samsung Smart watch to keep tracking my heart ❤️ rate ,35-44,M,"Aurangabad,  Maharashtra ",Working Professional,August,2023,Q3
"I use to check my blood presser, sugar, rtc ",35-44,F,"Mumbai, Maharashtra",Working Professional,March,2023,Q1
Good experience ,45-54,F,"Kalyan, Maharashtra",Working Professional,December,2024,Q4
"Got my classic 46mm lte variant delivered today.

Those who have complaints on watch battery issues, software update etc etc

Be patient with the watch.
First things first crank it up to 100% charge.
Several updates have been released while its sitting in the box. So do update the watch

If you are facing issues with latest update switch off bluetooth in the watch. Connect to wifi or lte then try updating. I'm sure the update happens smooth then.

Let the machine learning happen on usage for...
READ MORE",55 and above,M," Hyderabad, Telangana",Retired,January,2023,Q1
"The watch is excellent and fits perfectly
Pros:
1. OS: Beautiful OS. Smooth without any lag
2. Build quality: Excellent. I bumped into several things by mistake. No even a scratch.
3. Connectivity: Has Bluetooth, wifi, LTE all a watch needs
4. Functionality: Has all the modes a fitness freak requires. It also detects type of exercise on its own and starts the workout. Great if you forget to start. Has all the major sensors. Measuring is pretty easy and in case of error, it guides you to co...
READ MORE",Under 18,M," Karkal, Maharashtra",Student,October,2023,Q4
It's my dream It's very good product,25-34,M," Kumarapuram, Kerala",Working Professional,February,2023,Q1
"Alk Samsung products (smartphones and watches) take 7-10 days to learn usage and optimize. Till then you'll feel overheating, fast battery draining and all sort of issues. But after that time no other brand can stand at that level... amazing performance and aesthetics...",45-54,M," Ghaziabad, Uttar Pradesh",Working Professional,March,2020,Q1
"Battery Issue but this can be manageable by using power saver and airplane mode. Rest everything is fine as a full fledged smartwatch.

Battery Life
Normal mode (esim mode with wifi on) -20 hrs
Power Saving Mode -36 hrs
Power Saving + airplane mode - 48 hrs
Clock mode(only clock no tracking) - 4 to 5 days",55 and above,M," Yamuna Nagar, Haryana",Retired,June,2024,Q2
"I got the Samsung Smart Watch 4 LTE recently. At first, I was unsure because some people said it didn't last long on a single charge. But after some thought, I went ahead and bought it. For those complaining about the battery life, you have to understand that this watch is like having a little computer on your wrist. It comes with LTE, Bluetooth, Wi-Fi, and fancy sensors, so if you use all the features, it won't last more than 30 hours. It's not fair to expect it to last as long as those simp...
READ MORE",35-44,M," Barmer, Rajasthan ",Freelancer,January,2022,Q1
"Of course I bought this product in the BBD sale. Except for the Battery(1 day hardly) and Charging time(3 hours), It's a GEM of a product!! AND PLEASE DO NOT SIDE LOAD ANY APPS(FOR BP and ECG). That will decrease the battery like anything. Please use only the apps which are supported.

Suggestion - 46mm is very huge. Buy it only if your wrist is kind of big. Otherwise the watch with this big size will look very ugly(Like it's looking for me in the picture). Buy 44mm. It's decent.",25-34,M," Udupi, Karnataka ",Working Professional,May,2020,Q2
LTE is not supported on Airtel Prepaid.,55 and above,M," Chennai, Tamil Nadu",Retired,December,2023,Q4
"Great!

This is my first smartwatch and it's perfect.",45-54,M," New Delhi, Delhi",Working Professional,April,2021,Q2
Really Amazing Product,25-34,F," Neduva, Kerala",Homemaker,July,2024,Q3
"With smooth performance, a great display, sturdy build quality, and a physical rotating bezel for navigating menus, the Samsung Galaxy Watch4 Classic is one of the best smartwatches you can buy today.",55 and above,F," Jaipur, Rajasthan",Homemaker,March,2022,Q1
"I have bought it for the lte feature, but whenever I tried to call from the watch within a minute it shows your phone is hot and needs to be cooled down, and the call gets disconnected and the phone goes to flight mode. This is very unsatisfactory. Other things as usual you are expecting from a smart watch.",45-54,F," Gotamara, Odisha",Homemaker,March,2022,Q1
"I think this is the best under budget Smartwatch in last 2-3 year. This is not like cheap smartband/smartwatch who comes under Two and three thousand, This watch Half Smart watch and half Smart band,

Features like: 1.You can Measure Accurate Heart beat, Sleep, Stress and step counter and body composition
Other features: Bluetooth,GPS, Wifi,Calling, 4G Connectivity with E-Sim, 16GB internal and 1.5GB RAM you can Add Song and photos also, Speaker are also loud, Check All types of Notificatio...
READ MORE",25-34,M," Kapurthala, Punjab",Freelancer,July,2024,Q3
"Product quality is very good
Easy to use
Display is soo smooth and clear
About battery
Works for 2 to 3 daya without lte or aod
But with lte 5 hrs max
Charging is the worst thing , it takes more than 2 hrs for a full charge ..
Over all good product with little life .",25-34,M," Kollam, Kerala",Working Professional,February,2021,Q1
"This Watch is Super Fantastic I loved it very much the feature the build quality all are amazing and the it us the true smart watch ⌚️ It's a Fab Watch From Samsung the accuracy of health parameters is very good you can use this as a phone but the problem is battery the battery is not good the normal usage gives you a 1 day battery backup but if u used it much so you can't get even 1 day battery backup you have to charge it twice in a day But this is best watch in Android world Go for it for...
READ MORE",55 and above,M," New Delhi, Delhi",Retired,December,2020,Q4
Best watch for android,18-24,M," Cuttack, Odisha",Working Professional,November,2024,Q4
"Everything is good as expected, initially I was worried about battery backup, after knowing all the features (tips to save the battery life from the internet) and using the settings wisely I'm getting the battery life for two days (not compromising any of my needs that includes sleep tracking, badminton workout). I'm very happy with NFC payments.",45-54,M," Amalapuram, Andhra Pradesh",Freelancer,February,2023,Q1
"This is the greatest watch
Activity is accurate
LTE Usefully
But main problem is battery and charging time",Under 18,M," Lucknow, Uttar Pradesh",Student,February,2023,Q1
"It's the best you can get for this price. Battery life could have been better. It's one day battery life for me with lte, Bluetooth, heart rate every 10 minutes, wifi on. I usually charge it in the morning everyday and it lasts until the next morning with around 20-30% battery.
It does get hot while charging though, usually after charging watch takes 5 minutes to cool down.

Activity tracking is real good, sleep tracking is also great although the watch does consider any movement in sleep as ...
READ MORE",35-44,M," Bengaluru, Karnataka",Freelancer,August,2021,Q3
The best watch ! There is no comparison for this watch. A proper SMART watch which can do everything a phone can. I got the lte version under 11k and that was the cheapest purchase.,45-54,M," Sangli Mira, Maharashtraj ",Working Professional,August,2023,Q3
"Fantastic product, I'm using the Bluetooth version of 40mm for the last 2 years and right now I got this LTE Version of 46mm. I am wondering why everyone is complaining of battery backup. You have to think that is android watch with quality sensors so don't expect the battery back up of 10 days. I'm getting the battery back up of atleast 2 days and I'm using for running measurements with GPs and always on display. This LTE 46 mm has 361mah as compared to 247mah for 40mm.
Blindly go for it, si...
READ MORE",18-24,F," Barmer, Rajasthan",Working Professional,September,2021,Q3
"I received this watch at no charge. When I charged it for more than 2 hours still watch didn't turn on. So I kept it in charging for more than 4 hours then only it powered on and I got relaxed. So keep it in charging for more that 4 hours for first time.

Coming to the watch:

Watch design is great and looks premium in my hand

Connecting with my one plus mobile is seem less and no lag observed. Required apps are automatically showned for download

Sleep tracking is on point

Auto detection o...
READ MORE",35-44,M," Chennai, Tamil Nadu",Freelancer,August,2020,Q3
I purchased this watch in the BBD sale in 2023. Before I purchased it I was worried about the battery. But when I received my order and updated it to ui 5.0 This watch performance is awesome and also supports samsung pay which is awaiting from launch. Battery performance is like magic 100 percent battery goes with all day and night. I didn't understand why many people were complaining about the battery. This is a smartwatch not a Chinese band.,18-24,M," Jaipur, Rajasthan",Freelancer,December,2023,Q4
I was waiting to buy an Android watch I mean other than Apple. Finally took this because got at a very low price under 10K. Only Issue is Battery and Charging the watch takes 3 hrs to charge 100 percent.,35-44,M," Mahbubnagar, Telangana",Working Professional,September,2021,Q3
"Superb watch, with bad battery backup Then again I use it with wifi and lte so that contributes to bad battery backup. Excellent sync with apps from Play Store and works so well wit the wearable app on my samsung phone. It's like having a second phone that I need to charge each day. There are ways to get the battery backup to 2 days and even more if you keep it on grescale mode with aod switched off. Like the water resistance which works really well. Another good thing that it is future proof...
READ MORE",Under 18,M," Bengaluru, Karnataka",Student,January,2023,Q1
"I've been using this Samsung Galaxy Watch 4 Classic LTE 46mm for the past 11 days. This is a good smart watch for this price range; we're getting all the features of the brand new Watch 6. Out of the box, it doesn't have any charge, so it took more than an hour to turn on the device. It's compactable with my Samsung Galaxy A52s 5G, and LTE works also with non-e-sim mobiles. Don't confuse yourself about that. Since my phone doesn't support e-sim, LTE is still working for me(Jio sim). To get a ...
READ MORE",Under 18,M," Palakkad, Kerala",Student,May,2022,Q2
I am using realme gt master edition phone with this watch. At first need to have a samsung login I'd to get all the features on a non Samsung phone. At first I was not able to set it up correctly. But later I was able to connect with lte and make a call as well.,35-44,F," Gaya, Bihar",Homemaker,May,2023,Q2
Superb watch.,Under 18,M," Akola, Maharashtra",Student,December,2021,Q4
Just uninstall unnecessary apps and disable unnecessary features and the battery lasts enough long. No problem at all.,45-54,M," Visakhapatanam, Andhra Pradesh",Working Professional,November,2021,Q4
"I have tested this watch with 100 % charged and it gives me different results.

1. I had used AOD off, raise to wake on , bezzel to wake on, and heart rate monitor on 10min frequency, stress measure off, pick up 4-5 urgent call on the go and bedtime mode on for 10hrs night 10pm to 8am. So it will last upto 25 hrs and 13% battery still left.

2. I had used AOD off, raise to wake on, bezzel to wake on, heart rate monitor continuously on, stress monitor off, pick up 1-2 call and bedtime mode for...
READ MORE",35-44,M," Jalgaon, Maharashtra",Freelancer,February,2022,Q1
"Great watch still in 2023. If you are buying it to stay productive and monitor health, it still delivers. 2 years later, it's still easily recommendable",25-34,M," New Delhi, Delhi",Working Professional,September,2021,Q3
"Got Galaxy watch Watch 4 Classic .
With Gps Off , Wifi Off , Location off and NFC off
I got 12 Hours of Jio Connection .
I only turn on GPS while im doing workout .
And only turn on LTE data if i need notification .
I own a Galaxy S21 Fe and i Feel Battery is Very Decent on watch 4 classic for 12 Hours on Jio Network. With incoming and outgoing calls . Did not face any hearing issues . I kept Moving Screen. Good watch for the price . Must buy .",Under 18,M," Vasco Da Gama, Goa",Student,February,2021,Q1
Overall the very best product. This is my 2nd Samsung Smart Watch after Glaxy Active 2 LTE. E-sim of Airtel and Jio working. You need a Samsung mobile for the first time for generation/activation of Airtel e-sim. Thereafter you can configure/use it with any Android phone.,45-54,M," Kolkata, West Bengal",Working Professional,June,2020,Q2
Averting is good but battery backup is too 👎,45-54,M," Dharwad, Karnataka",Freelancer,March,2022,Q1
"Value for money 💯
Product very nice 🔥
Features 💯
Quality good",25-34,M," Alangad, Kerala",Freelancer,November,2021,Q4
"Love this product,only let down is battery,I used to charge it in 2days..will do 1 hour jogging,it provides insights in my running and health patterns;installed bp and ecg,you will get from UTube on how to do that ;got a tempered glass and bezel protective ring from uniquebud siite .it took more than 45 days though to get..but It changed look of watch..",25-34,M," Bengaluru, Karnataka",Working Professional,August,2020,Q3
Very Impressive. This is a real smart watch not like other fake brands. Cause of the LTE feature I brought it and all other features are very useful and value for money. The only thing I am not giving it 5 star is the battery draining issue where other watches can charge once in a week or in 2 to 3 days. But we have to charge it everyday morning to use all it features,Under 18,M," Alipurduar, West Bengal",Student,May,2023,Q2
product is excellent but one drawback is battery life,18-24,F," Kolkata, West Bengal",Working Professional,March,2024,Q1
The watch is too good. Activity tracking and accuracy i loved the most. The only drawback is battery life if you activate the battery saving mode it will last for 1 and half days or else one day only. And charging time also will take more than 2 hours. If samsung improves these two issues then it will be the best smart watch. In all aspects. If you want to buy a true smart watch with best activity tracking accuracy and okay to compromise the battery life then this will be the best to choose.,35-44,M," Bengaluru, Karnataka",Freelancer,May,2023,Q2
Good product value for money nice working battery backup 24 hours only,18-24,M," Gadarpur, Uttarakhand",Working Professional,October,2022,Q4
"I don't know if I should be the judge of this product since I don't really use all of the health features much but I bought this product thinking that I'll get a lot of features than a regular fitness/smartband. But after buying it, it does not feel like I should have spent this huge amount of money to have some additional features.
I wish I could get more battery backup. Even turning off the AOD doesn't help much.",55 and above,M," Durg, Chhattisgarh",Retired,September,2020,Q3
"5/5 for everything, just the battery drains very quickly.
Also paired with slow charging makes it harder to use to it's full potential",Under 18,F," Bengaluru, Karnataka",Student,December,2024,Q4
Not very happy. The major drawback is its battery. After 100% charging it lasts for maximum 1.5 days with minimum activities. Otherwise O.K.,45-54,F," Zirakpur, Punjab",Working Professional,July,2024,Q3
"Good smartwatch for diving into Samsung ecosystem
The battery life was medicore but after replacement of battery from service center. It is good to use and easily last upto 2 days",45-54,M," Vaishali District, Bihar",Working Professional,February,2020,Q1
Good quality,45-54,M," Mankachar, Assam",Freelancer,November,2020,Q4
"I have been using this watch for a few months.
It has all the cool features at a very stunning price.
But its battery life is so low

Overall, I have been using this watch for a few months.
It has all the cool features at a very stunning price.
But its battery life is so low

Overall this watch is worth it!!! this watch is worth it!!!",35-44,M," Hyderabad, Telangana",Working Professional,August,2020,Q3
"its real smart watch not like chinese fake sensors.

everybody is complaining battery life, but i am getting full day battery life
bought it in 9000 complete value for money deal
i am super happy with this
4g is super useful , you dont need to carry your mobile while work out, jogging ,running, cycling
auto detect work outs

if you are fitness enthusiast go for it now you can get it below 8k",Under 18,M," Ahmednagar, Maharashtra",Student,July,2023,Q3
Awesome,55 and above,M," Firozabad, Uttar Pradesh",Retired,October,2024,Q4
The watch looks and feels way more premium than its looking in the images,Under 18,F," Kalahandi District, Odisha",Student,October,2021,Q4
"A full fledged Smartwatch, people who complaining it for battery backup issue, it's full Android smartwatch not like other boat or else brand's smartwatch which actually is digital watch. because it have many sensors and also LTE support so it take little more battery but if you use it with power saving mode it will give you approximately 2 days of battery backup. I have no heating issues while using LTE network when i jogg and listening music. If you want proper Smartwatch and enjoy it's fea...
READ MORE",25-34,M," Lucknow, Uttar Pradesh",Working Professional,January,2020,Q1
The product is amazing..only con is its battery life. Otherwise you can go for it,45-54,M," Hyderabad, Telangana",Freelancer,July,2024,Q3
"Battery life is decent, gives me one day with normal use. It takes some time to charge, but I charge it in the night, so it doesn't affect me much. Insane value for money, features are good, tracking is lit!",25-34,M," Anupuram Dae Township, Tamil Nadu",Freelancer,May,2020,Q2
"Product is good
but price is high

Basic design

Most important thing You need samsung Nfc enable phone to use Watch nfc ,.",55 and above,M," Ahmedabad, Gujarat",Retired,February,2020,Q1
"After 2 week of review... Coming from apple watch 7.. still it's not deserve to do a comparison with that apple watch in most cases... But in Android Market it's best... Battery life got better after 5-6 days...but Charging is slow as hell.. bit laggy UI.. lots of Samsung apps that I have to install using ADB to make it faster. Build quality is solid like we always get from Samsung premium device.. the LTE, I've never used it but it'll significantly affect the battery life. And I hope wear O...
READ MORE",45-54,M," Chennai, Tamil Nadu",Working Professional,December,2024,Q4
"Great great product, thanks samsung and flipkart. Those who believe that battery is not good aren't actually comparing with correct watches. I have used watch 3 and watch 4 of samsung. These have a backup of 30-40 hours and you need to charge daily. Just keep your mobile network to auto and bluefooth on- rest everything wifi, nfc, mobile network should be off. Turn them on whenever you need them. If you are carrying without phone- it will give backup of 15-16 hours with calling feature and if...
READ MORE",25-34,M," New Delhi, Delhi",Working Professional,June,2024,Q2
"1. Great Value for Money
2. Battery will last for 12 to 14 hours with AOD off.
3. Exceptional quality",25-34,M," Faridabad, Haryana",Working Professional,May,2021,Q2
"Awesome product
Review after 1 week
I am operating on non-samsung phone working perfectly with LTE features
Everything on this watch is great best watch forever
Many apps are available and works properly that's good
Only one drawback that battery backup is less as with LTE on 18hrs. And without LTE more than 28hr
Normally it's good for mee bcoz it work more enough for a day.",55 and above,M," Ambala, Haryana",Retired,June,2021,Q2
The smart watch is perfect but battery drainage is very quick so the focus of samsung work of battery,35-44,M," Malegaon, Maharashtra",Freelancer,March,2020,Q1
Very nice watch with many features .Only disappointing thing is battery life and ECG app not activated still. However Apple watch has ECG app activated. Hope Samsung India soon gets approval for ECG app usage on this watch.,25-34,M," Solan, Himachal Pradesh",Working Professional,December,2023,Q4
I would not say to go for it. Only better display and rich experience but the battery will not last more than 3 -4 hrs. So what you will do with rich experience 😀,Under 18,M," Mihijam, Jharkhand",Student,June,2020,Q2
Bought it for 10k for that price ok but need to buy everything,55 and above,M," Vijayawada, Andhra Pradesh",Retired,September,2022,Q3
Battery is not good,35-44,M," Perumbaikad, Tamil Nadu",Working Professional,November,2022,Q4
"Battery back is worst. Using for last 3 days. After uninstalled unnecessary apps, all the sensors are manual, all the notification are turned off. I charged the battery for 4 times. For charging also it takes more than 2.5hours. Battery back up is only for 8 hours.
It's a table watch, instead of wearing it on hand it will be on table for charging.",45-54,M," Belgaum, Karnataka ",Freelancer,October,2024,Q4
"Excellent look
Silver shinning rotating bezel with matte finish body case looks so premium
Worth for the money
Got for 7500rs 46mm classic LTE variant
Connected with S24ultra
Everything works perfect",45-54,M," Tiruchirappalli, Tamil Nadu",Freelancer,May,2023,Q2
"Flipkart is selling January 2023 mfg product in July 2024.
Dont buy for sure. I was shocked to see the mfg date on the pack.
A 1.5 yr old stock will anyway loose the battery power.
Basically electronic waste is dumped on customers . This could not have happned in any other country. In India there are no regulations to arrest such menace.",45-54,M," Jaipur, Rajasthan",Working Professional,March,2024,Q1
"It's met my expectations....❣️
Only issue is the battery, it's drain too fast...",18-24,M," Kumarakom, Kerala",Working Professional,April,2023,Q2
Everything is good except battery backup,55 and above,M," Gautam Buddha Nagar, Uttar Pradesh",Retired,January,2024,Q1
awesome,55 and above,M," Begusarai, Bihar ",Retired,December,2022,Q4
Everything best except battery.,Under 18,F," Pavaratty, Kerala",Student,April,2020,Q2
Nice product overall good,25-34,M," Bengaluru, Karnataka",Freelancer,December,2020,Q4
Best wear os watch in this budget. Go for it.,25-34,M," Chennai, Tamil Nadu",Freelancer,January,2021,Q1
Good product but But battery capacity very poor,Under 18,F," Chennai, Tamil Nadu",Student,July,2022,Q3
Waiting for long time to get this. I have already bought watch6 but I love this product.only the issue I faced about battery life. But it pretty good if the sensors are off. Overall it is a value for money product.,45-54,M," Malappuram, Kerala",Working Professional,July,2021,Q3
No power on,25-34,F," Prayagraj, Uttar Pradesh",Homemaker,October,2021,Q4
Apart from battery life watch is worth buying,45-54,M," Ernakulam, Kerala",Freelancer,November,2020,Q4
Only one issue battery and charging. Otherwise this watch can create the revolution in the smart watch market.,35-44,M," Baripada, Odisha",Working Professional,September,2020,Q3
All is good but ECG and BP work only with samsung mobile. Very disappointed,45-54,M," Kurnool, Andhra Pradesh",Working Professional,June,2023,Q2
Watch is awesome as I'm a samsung S series user this is very awesome. Just battery charging and heat issue.,55 and above,F," Ranga Reddy, Telangana",Homemaker,September,2023,Q3
Everything is good. Very very smoothly working. But I don't know why I can't login my Google Account.,Under 18,M," Jharsuguda District, Odisha",Student,December,2020,Q4
Writing review after 3 months of use. Feature loaded watch but lasts day time (12hrs) with LTE. Power saving mode will add on a day more. Battery power is not adequate. Featurewise it can almost replace smartphone.,55 and above,M,"  Pune, Maharashtra",Retired,November,2020,Q4
Charging time and battery life is the problem,45-54,F," Wayanad District, Kerala",Homemaker,June,2023,Q2
Very good product,25-34,F," Katwa, West Bengal",Homemaker,September,2020,Q3
Great watch the only draw back is its battery,18-24,F," Belagavi, Karnataka",Working Professional,April,2023,Q2
Product r fine but battery life is Average,Under 18,F," Coimbatore, Tamil Nadu",Student,February,2021,Q1
I have purchased lte classic version . It is beautifull look wise and feature rich. Only thing a it lacks is battery life. Charging takes around 1 HR 50 min to 100%. If you got it under 10k then you should go for it. You will never disappoint.,18-24,M," Afzalgarh, Uttar Pradesh",Working Professional,April,2020,Q2
"Battery can improve
Design should change
2 options for customer square and round",45-54,M," Kottayam, Kerala ",Working Professional,September,2023,Q3
"Display, features, apps and sync work perfectly fine. But battery life is pretty avg and charging is slow- typical Samsung problems",55 and above,F," Noida, Uttar Pradesh",Homemaker,December,2024,Q4
Must Buy if it's under 12k otherwise not recommended. It's been a month now I've been using it and it's working fine without any issues. Note that only Jio is supported for calling and messaging.,25-34,M," Siliguri, West Bengal",Freelancer,April,2023,Q2
Best in bujet. Excellent lte connection,25-34,M," Visakhapatnam, Andhra Pradesh",Freelancer,July,2023,Q3
"Well the product is good, but tbh the battery backup could have been a bit better, it drains faster while using the Lte feature. But still no complain as such because if we switch on aeroplane mode and use it as watch while connecting with mobile simultaneously via bluetooth, as and when required, it has pretty decent battery life, keeping in mind that in the end it's a smart watch not mobile.",55 and above,M," Agartala, Tripura",Retired,June,2022,Q2
I have been using this watch for the last 01 month. Decent battery life if Always On Display is off and LTE mode on Auto. You'll get the whole day of battery in a single charge. It takes more than 2 hours to fully charge the watch. Rest is good.,55 and above,F," Bengaluru, Karnataka",Homemaker,September,2024,Q3
"Battery life is a little less I would say because you need to charge it every single day and the charging also takes around more than 2hrs so yeah battery is the only thing that bugs me.
Other than that this watch is the best that I could buy in this price range as of now.",25-34,M," New Delhi, Delhi",Working Professional,November,2022,Q4
"The watch is really good in terms of functions it offers but the main disadvantage is battery life. I am getting a maximum of two days of back up with all activity trackers and sensors turned off (WiFi and Bluetooth turned on and connected to phone) otherwise it will only last for one and half days. But we cannot complain about that since it is a proper smart watch which is running on Wear os unlike just fitness trackers. If you can charge it overnight and want to use all features of a proper...
READ MORE",45-54,M," Alappuzha, Kerala",Working Professional,September,2023,Q3
Best in Android,45-54,M," Bengaluru, Karnataka",Working Professional,March,2024,Q1
"If you are looking for a real smart watch then this is it
Because other watches are available in the market are not the smart watch they are just band like noise ,fire bolt ,boat etc
This watch everything is good just it take time to charge and it is like a mobile phone so its battery also drain like a phone",Under 18,M," Delhi, Delhi",Student,October,2020,Q4
Best smartwatch in this time. Many more options but watch 4 classic is always Best deal for everyone. 😊❤️,25-34,F," Patna, Bihar",Homemaker,March,2024,Q1
Not bad,18-24,F," Kozhikode, Kerala",Working Professional,November,2020,Q4
Nice product with lot of features but battery backup is less.,55 and above,F," Navi Mumbai, Maharashtra",Homemaker,May,2021,Q2
"Samsung Galaxy Watch 4 Classic LTE: A Comprehensive Review
The Samsung Galaxy Watch 4 Classic LTE is a feature-packed smartwatch that offers a blend of style, functionality, and health tracking capabilities. With its sleek design, powerful performance, and Wear OS platform, it's a compelling choice for those seeking a versatile wearable.
Key Features and Performance
* Wear OS: The watch runs on Wear OS, ensuring compatibility with a wide range of Android apps and services.
* LTE Connectivit...
READ MORE",25-34,M," Lucknow, Uttar Pradesh",Freelancer,October,2023,Q4
"One of Best Purchase , You Are buying a friend for your self, very useful this watch is , bigxby alexa works like magic,
NO BATTERY ISSUE, NO HEATING ISSUE , fake reviews from rival company , If you can buy blindly go for it , it will serve you for years , superb display, steel body , PRIMIUM WATCH TRUELY
I AM HAPPY",55 and above,M," Bhavnagar, Gujarat",Retired,August,2023,Q3
