Reviews for Fossil,Age,Gender,Location,Occupation
"I can say it's a well built good looking watch, little bit on the bulk side. Fossil is selling it as a F watch but for me it looks like a unisex. Pros.Android wear, shall also get updates.Good looking, watch faces also available.Many third party apps available.   Cons.A bit bulcky for a F, can change the strap ro silicone or leather for good fit.As of now this is the best for a steal away deal I got on Flipkart. 30% and 2000 additional discount.",25-34,M," Hyderabad, Telangana",Working Professional
"Its a good looking watch with all features that I expected in a smartwatch. I was initially hesitant in buying this because of the reported bad battery life. But I am very happy with the battery. I for one charge my devices every night and therefore face no concerns on that front. I start for office with the watch 100% charged and by the time i plug it for charging at night it usually shows 40 to 50% battery remaining.

Got a great deal from Flipkart on Flash deals and have also purchased a ...
READ MORE",55 and above,M," New Delhi, Delhi",Retired
"Pretty decent watch! Good for function & party purposes for showoff. For daily use battery is not that great. Continues use give a battery life of only 4-5 hrs where as just for notification it gives 18-20 hrs battery.
Better than other hybrid & conographs which cost around 10k. Could be better but ok product.",35-44,M," New Delhi, Delhi",Working Professional
i m using this product last 4 months. after reading all review. n my view that watch is good and i love it. i m using this with Bluetooth headphone. so it helps me lot. About battery is ok. not so much good.. manage 2 day full if u off ur display. only ON when u need time.,25-34,M," Baleshwar, Gujarat",Working Professional
"Watch is beautiful and elegant. Run hours is abt 18hrs. Charging during sleep works for the next day. Fairly precise on steps. Missing call notification multiple times even when connected to phone over Bluetooth, thats bad.
Clear display in sunlight too",Under 18,M," Gurugram, Haryana",Student
"Very stylish and nice watch. Its appearance is really like an expensive product. When I wear ir on my wrist, it really looks that I am wearing an luxury watch. Operating is cool, just like an android phone. Watch face can be changed right from mobile app. Lot of watch face changing apps are available in Google Play Store.
Only the problem is with the battery. It drains very fast. If the watch is in use, then the battery lasts only for 4 to 5 hours max. to max. That means it is not for regu...
READ MORE",18-24,F," Agartala, Tripura",Working Professional
Pretty awesome.. It's almost 15 days I have been using this watch.. Battery life remains for 9-11 hours. Takes 2-3 hours max for charging. U can call from the watch and answer as well. Notifications can be seen on the watch.. U can reply to your what's app msgs.. Very impressed.. Worth it.. Fossil Q Wander.. :),55 and above,M," Navi Mumbai, Maharashtra",Retired
"Super Product!
stylish, great features, great Display!!
Battery is the only problem compared to other watches in the same category... however lasts 1 full day....
got it @ 9.5K with all discounts... so super happy :) :) ....",45-54,M,"  Pune, Maharashtra",Freelancer
"For 9k, it's a decent smart watch... But keep in mind it lacks many features of a dedicated fitness/smartwatch, like heart rate monitor and GPS... For watch collector, it can be decent addition.",55 and above,M," Bengaluru, Karnataka",Retired
"It is a good watch and battery backup is one day if you set the display settings ""always display off"" and it has navigation you can view maps in it its good looking and worth for money",55 and above,M," Chennai, Tamil Nadu",Retired
"trust me you will not use this watch except looking for time. i have two smart watches of fossil... never used the functionality at all except in starting 2 weeks. then after just changing dials and wearing it to see timing.

Watch is good, its unisex model. silver shiny. the worst problem is its charging.. it takes too long 4-5 hours to get charged, and discharge in 10-12 hrs with full use of it. the only plus point to buy is steel body good look & compatible with Android.

otherwise definit...
READ MORE",Under 18,M," Vadodara, Gujarat",Student
"I bought this on discounted price of 10k. Packaging was good. Timely delivery. Charging Taki, West Bengalng little long time. Battery life normally around 8 hrs. Looks unisex.",18-24,M," Nagapattinam, Tamil Nadu ",Freelancer
"Watch stainless steel strap seize is too small, must improve the length to suit to everyone's comfort. Stainless steel strap should be available in the local market/online.",35-44,M," Visakhapatnam, Andhra Pradesh",Working Professional
"product is not expected, flipkart services is super...",Under 18,F," Bengaluru, Karnataka",Homemaker
"Nice watch!
Work perfectly but watch calling is not great. Otherwise everything works fine.",35-44,M," Pinjore, Haryana",Freelancer
"Looks 4.5/5
Functioning 4/5
Price (got it for 10k) 4/5
Battery charging time (8-10 hrs from 0-100%) 1/5
Battery back up (one day max.) - 1/5
Overall 3 ? out of 5",55 and above,M," Chandigarh, Punjab",Student
It was so good. Dial size was little big. Pretty cool,35-44,M," Coimbatore, Tamil Nadu ",Freelancer
"battery backup is very bad. one needs to charge it on daily basis. I have bought it 2 years ago but nw occasionally use it that too for time viewing purpose only. rest of the features one rarely used. Overall ""shuakiya"" product!",25-34,M," Ranchi, Jharkhand",Freelancer
poor battery life.,35-44,M," Ghaziabad, Uttar Pradesh",Freelancer
super watch.Best buy,18-24,F," Chandigarh, Punjab",Working Professional
good,55 and above,M," Amroha, Uttar Pradesh",Retired
"Poor battery life Dont buy it
Totally unsatisfied",25-34,M," Solapur, Maharashtra",Freelancer
no battary backup,55 and above,M," Bengaluru, Karnataka",Retired
"Fossil just liked brand. But most disappointed with battery life, its not even 8 hours, if we are outside morethen 8 hours, it's going to shutdown, if it's down no use, feeling guilty.",55 and above,M," Hyderabad, Telangana",Retired
very thing good but very poor battery life,Under 18,M," Bengaluru, Karnataka",Student
original watch. nice watch. good packing and box.,55 and above,M," Ahmedabad, Gujarat",Retired
"Battery is not even 24 HRs ,while connected. Auto connect with paired devices is not there.Not living up to Brand Fossil.",Under 18,M," Mumbai, Maharashtra",Student
"I am using this watch, overall experience is so good, only facing battery backup issue",25-34,M," Bidhan Nagar, West Bengal",Freelancer
very nice,55 and above,M," Patna, Bihar",Retired
good one,45-54,F," Hyderabad, Telangana",Homemaker
Nice watch,18-24,M," Bengaluru, Karnataka",Freelancer
otherwise is performance good battery is too bad,25-34,M," New Delhi, Delhi",Freelancer
Battery is not good,45-54,M," Cheeka, Haryana",Working Professional
Battery is very bad. Need to charge every 7 to 8 hours,Under 18,M," Malda, Madhya Pradesh",Student
"nice watch , on flight mode battery will run upto 36 hour",18-24,M," Vadodara, Gujarat",Freelancer
"simply good, everyone should have this",25-34,M," Bengaluru, Karnataka",Working Professional
Charger stopped working with in 2 months nd service center is difficult to find.. V can't find a responsible service centre for fossil.. I have shipped the product to service center at Bangalore but after 3 weeks no response from them. Now i think i lost my watch.. The service center number they provided is an international number that can't be connected. So lost my 20k in 2 months.. Very pathetic experience from. Flipkart and fossil,55 and above,F," Perumbavoor, Kerala",Homemaker
Worst possible watch.Watch stopped charging after just 6 months of buying.Battery donot last even for whole day. Watch gets heated excessively. Will never recommend to buy .,18-24,M," Faridabad, Haryana",Working Professional
awesome product,35-44,M," Belgaum, Karnataka ",Freelancer
Good watch with POOR Battery Life,45-54,F," Gurgaon, Haryana",Retired
Very bad battery backup.It has very less functions as compared to other cheaper smart watch. Didnt expect this failure product from brand name like Fossil,18-24,F," Patna, Bihar",Working Professional
nice,45-54,F," Hyderabad, Telangana",Homemaker
🔋 does not charge,25-34,F," Chennai, Tamil Nadu",Homemaker
best,55 and above,F," Cuttack, Odisha",Homemaker
"i bought and with in 3days the watch got stuck due to some application error in the Watch.
Now its send to Fossil service center. This is my experience.",25-34,M," Ernakulam, Kerala",Working Professional
very slowly,25-34,M," Uppugunduru, Andhra Pradesh",Freelancer
screen broken in 1week.. very bad design.. no screen protector. screen replacement costs 9000,Under 18,M," Hyderabad, Telangana",Student
Product is awesome but very poor battery life,25-34,M," Sihora, Madhya Pradesh",Freelancer
Battery pack up is very poor,18-24,M,"  Rangareddy, Telangana ",Working Professional
Awesome one got in 10k,55 and above,M," Varanasi, Uttar Pradesh",Retired
Awesome,35-44,M," Bengaluru, Karnataka",Freelancer
Battery problem..,55 and above,M," Kanpur, Uttar Pradesh",Homemaker
it's good but ...Fitness apps are not so fine as expected..,18-24,M," Talwara, Punjab",Freelancer
Nice watch,Under 18,M," Bhubaneswar, Odisha",Student
don't believe negative reviews charging time max 2hrs standby 2days if if use frequently charging will come 1day one thing u need to change metal chain to leather strap hardly 500/- extra in local shops.,45-54,M," Visakhapatnam, Andhra Pradesh",Freelancer
This watch is for men.Its for women,25-34,F," Thrissur, Kerala",Homemaker
The battery doesnt charge quickly enough anymore and heating.,Under 18,M," Hyderabad, Telangana",Student
Awesomely prdt!... #LoveforFOSSIL,45-54,M," Bengaluru, Karnataka",Working Professional
"DO NOT PURCHASE, THIS SELLER SELLS DEFECTIVE WATCHES. YOU WONT GET 100% REFUND. YOU WILL GET REPLACEMENT ONLY, EVEN IN REPLACEMENT YOU WILL RECEIVE DEFECTIVE WATCH. [ BATTERY DRAINS SO FAST, 2-3 HOURS HARDLY IT WORKS, CHARGING TIME IS MORE THAN 8 HOURS] DONT ATTRACT WITH PRICING. READ REVIEWS OF THE PRODUCT. I WASTED MY 13050 RS.",45-54,M," Ahmedabad, Gujarat",Homemaker
"Worst watch ever, low battery backup only looks gud everything else is not worth",18-24,M," Gurgaon, Haryana",Working Professional
Worst product the worst battery,35-44,F," Hyderabad, Telangana",Homemaker
Nice smart watch at this price 10000... thumbs up,18-24,M," Pali, Maharashtra",Freelancer
Nice watch,35-44,M," Vijayawada, Andhra Pradesh",Working Professional
Battery backup is very disappointing.,Under 18,M,"  Pune, Maharashtra",Student
Waste of money,45-54,F," Kalol Gandhinagar, Gujarat ",Homemaker
Essencial product for bike rider and self drive personal..product is good enough.,25-34,M," Howrah, West Bengal",Freelancer
Battery not as expected lasting only with in half day,25-34,M," Anantapur, Andhra Pradesh",Working Professional
"Size is a bit bigger for women heavy toi
Will nt suggest to Women
Rest watch us wonderful",25-34,F," Indore, Madhya Pradesh",Homemaker
Nice ....,55 and above,M," Chittoor, Andhra Pradesh",Retired
Satisfied,Under 18,M," New Delhi, Delhi",Student
Not a value for money product.,18-24,M," Bhopal, Madhya Pradesh",Freelancer
Too big for women watch,Under 18,M," Kolkata, West Bengal",Student
Best in class... battery life adjustable,18-24,M," Davanagere, Karnataka",Working Professional
The best thing I have ever found........,Under 18,M," Kairana, Uttar Pradesh",Student
Awesome product with awesome feature and value for your money.,Under 18,M," Mumbai, Maharashtra",Student
"Battery backup is 8-10 hours with phone connected, with airplan mode it will scale up to 2 days.
Screen quality is good, but not prone to scratch. Looks are really good. You can call from this watch. Will get all notifications.
I got for 9400/- with some offers.

Overall a good buy under 10k if you are looking for smartwatch.",55 and above,M," Navi Mumbai, Maharashtra",Retired
Excellent watch,35-44,M," Chennai, Tamil Nadu",Working Professional
Bad battery,45-54,M," Kolkata, West Bengal",Working Professional
Poor battery backup and the worst is when u file for replacment it gets rejected .this is pathetic,Under 18,F," New Delhi, Delhi",Student
Battery runs for 15 hours after full charging. Otherwise good. Android wear works but fossil q doesn't.,35-44,M," Kolkata, West Bengal",Working Professional
The battery back up was very poor. It does not even last for an hour.,55 and above,F," Chennai, Tamil Nadu",Homemaker
It is a excellent product i have gifted to my friend and he is using for copiying in exams,45-54,F," Asifabad, Telangana",Homemaker
It's a very good watch looking at the reviews I too got little worried but battery life is good it will come for one day.flipkart delayed in delivery for 1 week.i love the watch,35-44,M," Bengaluru, Karnataka",Freelancer
It is very difficult to charge.And now its not working,Under 18,F," Kolkata, West Bengal",Student
"Battery is the main drawback lasts for only 8hrs max, Rest all good.",35-44,M," Hyderabad, Telangana",Working Professional
No battery life.money wasted,18-24,M," Secunderabad, Telangana",Working Professional
Battery drains fast and charged slow. Connectivity issues with Google assistant and sometimes with wifi.,45-54,M," Bengaluru, Karnataka",Freelancer
Very good,45-54,M," Hyderabad, Telangana",Working Professional
"Good watch. Overall a good battery life, stable. Android Oreo also updated now. Display is somewhat dull but that does not mean that u can't see in sunlight. The stole is better than all of the watches available. After all it's fossil.",45-54,M," Bhubaneshwar, Odisha",Freelancer
"Worse product
Too much heat
Battery draining fast",Under 18,M," Bet, Gujarat",Student
Lovely piece of excellence. Amazing features & beautiful watch.,45-54,M," Bhubaneswar, Odisha",Freelancer
Nice but bad,Under 18,M," Krishna, Andhra Pradesh",Student
Watch look and features good But Battery Backup worst.... Be Frank never suggest to buy this one......,55 and above,M," Thane, Maharashtra",Retired
Nice product.flipkart delivers very fast,25-34,M," Puri, Odisha",Working Professional
Nice product but battery backup lo,45-54,M," Kharagpur, West Bengal",Freelancer
"Very nice watch

All features are awesome
The only problem is battery life but that can be solved by keeping the display off while not in use",45-54,F," Bharatpur, Rajasthan",Homemaker
cool,55 and above,M," Junagadh, Gujarat",Retired
Waste watch. Charging is very poor.,45-54,M," Hyderabad, Telangana",Working Professional
By looks its great but it do not connect to iPhone 7.It has connectivity issues with android os also. After some restarts it connects with android phone....,Under 18,M," Bengaluru, Karnataka",Student
Good ......,25-34,M," Farooqnagar, Telangana",Freelancer
"Good smartwatch, has all the basic smartwatch functions. For those who feel that the battery is poor, the watch is supposed to be an extension of the phone and not the phone itself. I easily got a day and a half out of it with it being connected to my phone using Bluetooth for about 90 percent of the time and notifications allowed for most critical apps, and working out with only the watch GPS for about an hour. Always On and Tilt to On was off. The watch is responsive enough without it to sh...
READ MORE",45-54,F," Udaipur, Rajasthan",Working Professional
"Awesome watch. Great value for money I feel for great price(I bought it for 10k).
This review is after using for one month!
Pros:
1)Wear OS
2)Great hardware
3)In built GPS
4)Good display
5)Smart features: Call lift/cancel/silent/reject with message, Reply to messages from apps like whatsapp, Instagram etc., Some useful apps like outlook, maps, gmail, sync to your Google account and it's calendar, meetings etc.
6) Nice look and watch belt is of great quality!

Cons:
1)One day battery life(und...
READ MORE",45-54,M," Amalapuram, Andhra Pradesh",Working Professional
best smartwatch under this price.littlenbit slow sometime need to fix this issue #fossils,55 and above,F," Agartala, Tripura",Homemaker
poor battery life,25-34,M," Chennai, Tamil Nadu",Working Professional
"I have been a long time smart watch user . I have used pebble, galaxy gear(1), mi fitness band and Apple watch series 3.

I recently switched to android and since I am a long time user of smart watches and my last watch was an Apple watch, I had to look for options available in android ecosystem.

I was ready to buy from any manufacturer but with one exception which is, it should run wear OS. To my surprise , we don't have too many options in India. so I was left with only two options Fossi...
READ MORE",Under 18,M," Mahindra World City, Tamil Nadu",Student
Great really good light weight smartwatch awesome lovely,35-44,M," Bengaluru, Karnataka",Freelancer
"Update after one week of usage: - If i have to split my review into hardware(Watch) and software (Wear OS), i would give 3 stars to watch and 1 stars to Wear OS. Watch is simple and clean in design, latest processor, beautiful and bright display. That is the only positive. Cons: Very low battery backup, last just 8-10hrs. Very slow instead of having latest processor and latest Wear OS, it takes 5-6 seconds to display the incoming call alert. Even to wake up the screen it takes 2secs after tou...
READ MORE",55 and above,M," Hyderabad, Telangana",Retired
Absolutely love this watch and this photo of it that I took. Battery life isn't very bad. It only gets better with every update.,25-34,M," Palakkad, Kerala",Freelancer
"Initially the OS was too much slow and battery backup was pathetic, even sometimes there were software crashes. But after the Android H update everything is smooth and battery backup has improved far beyond expectation, before the update always on display used to drain out the battery to a huge extent, but surprisingly after the update even if the always on display is on, battery backup is pretty good. Thanx for this Android H update that has given a new life to this watch 😊",35-44,M," Bengaluru, Karnataka",Working Professional
"On the first day when i unboxed this smartwatch, after using some time i found its battery was draining. But then the following day i did some changes in settings like turn off always on display n some avoidable gestures. Now its battery backup is quite fine n i am happy too with its overall performance. This watch is for basic use and not for the person who wants to experiment on this watch like installation of app on watch, this type of act will definitely affect its battery life. Overall ...
READ MORE",Under 18,M," New Delhi, Delhi",Student
"If you are looking for a solid smartwatch which comes easy on the budget and got variety of features, look no further.
Wear OS by Google gives you option to customize everything on your watch and comes with countless watch faces to choose.
The build quality is very high also the strap is very smooth to wear.
Battery life depends upon your usage, if you are using GPS/WiFi/Bluetooth continuously, it would start draining fast but if you use GPS/WiFi/Bluetooth less, then the watch lasts for a day...
READ MORE",25-34,M," Mahasamund, Chhattisgarh",Working Professional
"Battery issue...but fine...u have to compromise with ur usage pattern...it will last whole day with heavy usage and 1.5 days with optimal usage...rest its a masterpiece....overall satisfied at this price point...i effectively purchased it for 10,800 only...",18-24,M," Mangaluru, Karnataka",Freelancer
"Awseome watch
Just the battery issue won't last long
With normal usage will last for 2 days after which time only mode gets activated",45-54,M," Hyderabad, Telangana",Freelancer
"Superb watch but two things that may not suit you
First is the battery. Battery is not as per our expectation.
Second is the wear os. Wear os is good but a bit slow but that is not a big issue..
Rest all is superb..
Size is perfect in hand.
Good looks and touch
Good quality product. I am quite satisfied with this watch because at this price it is best watch.
I will highly recommend this watch if you have this much of budget
I bought this at Rs 9995/-",35-44,M," Jaipur, Rajasthan",Freelancer
Best fossil watch to get...dont look at specs...if u wear others will notice..i mean watches are just for showoffs..battery last for 1 or 2 days... product is good..u can go for it..if u buy any other watch at this price it wil have better specs nd battery but if one ask about brand u will be sadend... better go for this,45-54,M," Bengaluru, Karnataka",Working Professional
"Fast delivery thank you flipkart 👍
Amazing smart watch
1 day battery backup.
Easy to use
Connectivity is good",45-54,M," Badlapur, Maharashtra",Working Professional
"Watch is as other smart watches are, nothing extraordinary. I face some problems while connection but that can be solved by deleting the already paired watch in Bluetooth settings. Display is awesome, all features work with finesse. Strap feels a bit less sturdy so i would suggest to buy a backup always. Battery will last upto 2 days and chargers in about 2-3 hours from 0-100%, which can be done on a Powerbank as they auto switch off if you plan to keep an all night charge as I do.",18-24,M," Navi Mumbai, Maharashtra",Freelancer
"Best google wear os watch under 10k.
At first the watch was a lil bit slow and had some battery issues.....but in the last 2 weeks there has been like 3-4 updates and now the watch is on a different lvl.
Battery is good and the watch is smoother than before.
I totally recommend it .
If ur budget is under 10k go for fossil sport!!",18-24,M," New Delhi, Delhi",Working Professional
the best smartwatch under 10000 and its gives you play store where u can download verious application like sbi yono where u can check and trasfer money with watch... awesome apps... gorjeous interface.... looking superb... i think so best watch i ever see in this price range,25-34,M," Vadodara, Gujarat",Freelancer
It's kinda awesome but there are 2 things I don't like much 1st you can't download songs without spotify premium or Google music premium 2nd it doesn't have a speaker but other then that the watch is fine,35-44,F," New Delhi, Delhi",Homemaker
"Giving review after a week of usage.
It is a nice product | totally worth it.
Battery back is 26-28 hrs. & 48 hrs. if used in battery saver mode.
Built quality is good according to the price.
Totally satusfied with the product!",55 and above,F," New Delhi, Delhi",Homemaker
"I've cut one star for the software lag I always face even when waking up the screen from AOD. And I've cut one star for the poor battery life. I switched off tilt to wake function and wifi is almost always off. Even if I use the watch for 5 mins the battery drops down very much.
I wish Google should do more optimization on the software via updates atleast to give more fluid experience. Or else what's the use of having wear OS when other watch works perfectly fine though they lack playstore. ...
READ MORE",25-34,M," Raipur, Chhattisgarh",Working Professional
Nice one but Low Battery life. I will irate you definitely.,25-34,M," Hyderabad, Telangana",Freelancer
Fine qt this price,55 and above,M," Mumbai, Maharashtra",Retired
Watch is excellent. Really superb at this price.,35-44,M," Erode, Tamil Nadu",Working Professional
Great product it looks awesome..The only problem is battery life it only lasts for one day.. Overall satisfied with the product.,18-24,M," Kottayam, Kerala",Working Professional
Super,35-44,M," Rajahmundry, Andhra Pradesh",Freelancer
"Review after 2 days of extensive use.
Pros: It's a masterpiece from fossil.
The features are too good and coupled with Android play store, the options are plenty.
Battery Saver gives way too much life, with an awesome default fossil face!!
Airplane mode is also a good option to save battery.
Wear OS is very easy to customize.
The watch is really very very light.
Strap quality is good.
Watch build quality and design are awesome.
Fitness tracking is accurate.

Cons: Battery. It drains way too f...
READ MORE",45-54,M," New Delhi, Delhi",Freelancer
"So, it has been a month since I have been using this watch and I have some mix observations on this brilliant timepiece.

Pros:
-Light weight, comfortable to wear all day
-Quality and feel of the watch is extensively premium
-Crisp and Bright Amoled display works like a charm
-Wear OS
-Overall User interface is like a piece of cake free with this watch
-Charging Speed - 0-100% in 45-55 mins
-The Crown- Fluid smooth for scrolling, i’m addicted to it
-A full day of use with moderate features w...
READ MORE",18-24,F," Jaipur, Rajasthan",Working Professional
"The watch is perfect for sport activities. But the wear OS is not upto its mark. There are many bugs with the OS, I hope in future google will rectify those. The other thing I want to point out is, If you are an iPhone user then you won’t get some features like attending the call directly from your watch, replaying messages from the watch, google assistant etc etc. The google play music and the spotify works really fine with the watch. You can use a Bluetooth speaker of headphone with the wat...
READ MORE",45-54,M," Kottayam, Kerala ",Freelancer
Nice watch,35-44,M," Bengaluru, Karnataka",Working Professional
Nice watch,18-24,F," Cuddalore, Tamil Nadu",Working Professional
good but should improve the batter backup rest of the things are ok,55 and above,M," Ernakulam, Kerala",Retired
watch is good but battery is not good,18-24,M," Ahmedabad, Gujarat",Freelancer
Nice and usefull but it consumes too much battery in just half a day even if don't use.. hope we can get an updated version of this soon and with out any battery problems,45-54,M," Hyderabad, Telangana",Working Professional
"bought in 2020...
watch has quiet premium look
light weight, ocassional lags,
but the latest software update i got dosent have any battery modes available in gen 5...its should have, as both have same processor.
also NFC is useless as it dosent connect with my Sennheiser headphones through NFC....also google pay app not found in google Play Store...
dont know where else to use that nfc feature. good for fitness tracking .
basically it will do same task what a mi band can do ....
this watch ...
READ MORE",55 and above,F," Ponda, Goa",Homemaker
"Good Product, but need to work over battery life.",55 and above,M," Hyderabad, Telangana",Retired
Poor battery,Under 18,M," New Delhi, Delhi",Student
"Normal SOFTWARE AND processor, very bad battery backup just an average smart watch in limited budget.",25-34,M," Warangal, Telangana",Freelancer
"great product for that price range
userinterface 10/10
battery life 8/10
it's the best smartwatch which give u 2days battery backup on low usage and 1day on a average usage
overall the product is great but there is a problem in connectivity of internet via Bluetooth (which is a problem of the Android app) not the watch.",Under 18,M," South Goa, Goa",Student
charging ring on the back of the watch came off...unable to charge watch anymore,45-54,M," Secunderabad, Telangana",Working Professional
Very worst product,Under 18,M," Thane, Maharashtra ",Student
"Watch is very good
But in beginning it got heated up while charging and the watch was lagging
But after few updates these issues got resolved.",45-54,M," Mandleshwar, Madhya Pradesh",Working Professional
Good,45-54,F," Gurugram, Haryana",Homemaker
"It's so nice , Display is so amazing , the only thing that's bad is battery and a little lag",25-34,M," Hyderabad, Telangana",Freelancer
Nice,Under 18,M," Udham Singh Nagar District, Uttarakhand",Student
Battery life is worst and also again n again it will unpair with phone,25-34,M," Hubballi, Karnataka",Working Professional
"I was very excited before buying the watch, but battery is a major issue, you need to charge daily just like your smartphone. Not much can be done in features, just 4 gb of memory seems to get filled very quickly.",55 and above,M," Meerut, Uttar Pradesh",Retired
Worsted battery life,55 and above,M," Kalakad, Tamil Nadu",Retired
Battery battery only 12-14 hrs with wifi off Bluetooth on and always display on,25-34,M," Mandi, Himachal Pradesh",Freelancer
First scartch card apply on watch,Under 18,F," Tiruppur, Tamil Nadu ",Student
Wonderful One with killer looks and proper functionality. Support of Google play store is tremendous....!! Just love it...!!,Under 18,F," Ahmedabad, Gujarat",Student
After six month of use its strap holder got break build quality not so good,Under 18,F," Mumbai, Maharashtra",Student
"Very bad bad, Don't buy, Flipkart gave me product with battery issue and now when I contacted Flipkart call assistant, they just simply vut my call. This is f.flipkart!!!",25-34,M," Surat, Gujarat",Working Professional
Super,45-54,F," Malur, Karnataka",Homemaker
Overall good but the processor is bit slow and takes time to update every detail.,25-34,M," Katihar, Bihar",Freelancer
Looks are awesome but battery backup is very poor and notifications comes very late overall fine but not worth the money,Under 18,M," Bhilai, Chhattisgarh",Student
"Best wear os budget smart watch .
Battery lasts easily for 1 day . after updates software is very good and has not been lagging .
If u want a complete smartwatch which can do everything like replying messages and tracking workout then this is complete smartwatch.
And also heart rate and step tracking are very accurate.",18-24,F," Bharuch, Gujarat",Working Professional
I have beeen using this smart watch for 1 week and I had a great experience with this smart watch .,45-54,F," Surat, Gujarat",Homemaker
Good,Under 18,M," Aurangabad, Maharashtra",Student
"The watch looks and feels premium in every sence but has few issues.
Its old gen watch so it does not have important feature like sleep monitoring and spo2 monitoring at this price point.",45-54,M," Varanasi, Uttar Pradesh",Working Professional
The product is not worth buying as the battery drains in 5 hours. Also the strap came off in just 3 months of buying. We are also not getting service centre availability in north India except Delhi. Overall it’s not worth buying.,35-44,F," Shimla, Himachal Pradesh",Homemaker
Awesome 👍 watch,55 and above,M," Tumsar, Maharashtra",Retired
It is a nice android( wear os) watch with almost all the functionalities at this rate while comparing with other smart watches.,18-24,M," Ernakulam, Kerala ",Working Professional
Just good!,35-44,M," Karimnagar, Telangana",Working Professional
Not impress,35-44,M," Mumbai, Maharashtra",Working Professional
"Waste of money!! Pathetic battery, battery only works for 2-3 hours max",35-44,M," Mumbai, Maharashtra",Freelancer
Worst,Under 18,M," Salem, Tamil Nadu",Student
Excellent product. Battery could've been better but it has wear os so I wouldn't complain about trivial things such as battery. You're getting so many smart features at a very good price. Wear OS is❤️,35-44,F,"  Pune, Maharashtra",Homemaker
"Can I give less than 1* ?
The most lowest battery backup ever had in a smartwatch. I have many different smartwatches but this watch dies by evening itself. I haven't paid 1k for a cheap chinese phone watch. I have paid 10k on a brand, and Fossil have put me down all the way. It wasn't ever expected",25-34,F," Patiala, Punjab",Retired
its a good product tx,55 and above,M," Hassan, Karnataka ",Retired
"The battery wont last even 20 hrs , period.....and i m not a heavy user. U may have a feeling even after reading all those battery feedbacks , that u may just do something differently to make it last a day but trust me it wont. I literally put it on flight mode when not on my wrist. I only use it when i go out for a walk. With the walk mode on , it actually drains from 100 to around 40%. Thats 1% drain per minute. Thats because it keeps tracking ur bp continuesly on activity mode. But thats s...
READ MORE",25-34,F," Mumbai, Maharashtra",Homemaker
"Very nice watch i like it very much and its also help me to fitbit
Only battery backup low while using net.overall great parfomance.
Guys go for it excellent watch",25-34,M," New Delhi, Delhi",Freelancer
"I bought it because I trusted the Fossil brand. However, it has poor battery backup and it stopped charging within 1week of purchase . All the money wasted. Please do yourself a favour and stay away from this product !",45-54,F," Dehradun, Uttarakhand",Homemaker
"Super smart watch from fossil...
Only cons is battery life . it last for a day only",25-34,M," Adoor, Kerala",Working Professional
Ok,25-34,M," Mumbai, Maharashtra",Freelancer
Excellent,55 and above,F," Ambala, Haryana",Homemaker
Worst,18-24,M," Kamayagoundanpatti, Tamil Nadu",Freelancer
"Its been a month..sometimes watch lags..battery drains superfast, build quality is good, liked it.",45-54,M,"  Pune, Maharashtra",Working Professional
This is Apple 4 which has been discontinued so u will not see it in stores but good for this amount,Under 18,M," Navi Mumbai, Maharashtra",Student
Good smart watch ..All the basic functions,35-44,M," Chandauli, Uttar Pradesh",Working Professional
Battery backup very worst but watch very nice,55 and above,M," Kakinada, Andhra Pradesh",Retired
Good,25-34,F," Faridabad, Haryana",Homemaker
Nice but not great,35-44,M,"  Pune, Maharashtra",Freelancer
Really Awsm Watch...,Under 18,F," New Delhi, Delhi",Student
Nice design by fossil,Under 18,M," Nellore, Andhra Pradesh",Student
It's worst product and very poor battery 🔋 not even 8hrs. Flipkart is cheating customers.,55 and above,M," Hyderabad, Telangana",Retired
"Really good for long term use it's been almost a year.
If you are using it as extension for phone then it will last long


Things I love about this watch

We can change straps
When I drive bike in rain wearing watch exposed to rain . No need to worry about it
Once battery is dead there will be only time which will be displayed for next 36 hours",55 and above,M," Bangaluru, Karnataka",Retired
Brilliant,18-24,M," Hugli Chinsurah, West Bengal",Working Professional
SUPERB,45-54,M," Pen, Maharashtra",Freelancer
"If you're tech guy, then you can last the watch for 2 complete days, by adjusting things to your needs. The low power saving mode lasts for week, but remember at this time the wear os turns off, your watch works only as a digital screen to show time, like the digital clock.",Under 18,M," Dhule, Maharshtra",Student
Some times I had to tap multiple times to access content. With this price they could have atleast make a stable watch.,45-54,M," Visakhapatnam, Andhra Pradesh",Freelancer
Good,55 and above,F," Bengaluru, Karnataka",Homemaker
"Please a request to all please don't buy this specific product. Worst product, waste of money",18-24,F," Bhubaneswar, Odisha",Working Professional
Nyc qulity,45-54,M," Padagha, Maharashtra",Working Professional
Very bad its display got seperated in 3 months of mint usage and no one is helping to get it fixed or claim the warranty,Under 18,M," Nagpur, Maharashtra",Student
Nice watch,55 and above,M," Vijayawada, Andhra Pradesh",Retired
"looks too good at this price range..but os is little bit laggy.it can be fixed with software update.
soo many watch faces in watchmaker,facer app..but you need to buy all",55 and above,M," Siliguri, West Bengal",Retired
Awesome,45-54,F," Kalyani, West Bengal",Homemaker
Discharging too soon,35-44,F," Bengaluru, Karnataka",Homemaker
"I bought this watch on the big billion sale for 9,000/- Had only 2 things to think about while buying this.
1)Watches below this price range were Chinese and practically useless with horrible support and resolutions.
2)Branded Watches above this price range are above 20 k which was way too expensive for me.
This watch satisfies the basic purpose of getting mobile notification and Navigation support on it basic Average led display. Rest the watch is not suitable for absolute fitness enthusias...
READ MORE",18-24,M," Mumbai, Maharashtra",Working Professional
cool watch with best and stylish design but battery back up is not that good. but because of the design and the options it's offers you feel this watch ours really best,45-54,M," Vishakhapatnam, Andhra Pradesh",Freelancer
"Fossil Q Marshal is undoubtedly a good watch, especially for those who looking a little extra from their usual watch. Also watch is coming from a legendary manufacturers. From first looks this one is very eye catchy.
Pros: elegant looks, smokey grey steel strap, macho big dial looks,display, multiple watch faces.
Cons: for ? battery backup will give just 1 star as charging takes more time than to discharge, sound is clear but very low is meant for only quiet place, should have a turbo charge...
READ MORE",45-54,M," Mohali, Punjab",Freelancer
Watch is really good. If you use it like a watch and not like a mobile the battery will easily lady for 2 days. Features are really good. Give it some time to understand the features and u will start loving it,55 and above,F," Bengaluru, Karnataka",Homemaker
"Some things which is not mentioned in details is it is not fully compatible with IOS as it works on Android.
1. You can't answer calls directly from watch.
2. You can't reply to notification like whatsapp.
3. You can't search your iPhone because android device manager isn't present in iPhone.",18-24,F," Mohali, Punjab",Working Professional
For deal price of 10 k and the brand it's a good smartwatch to own. Normal watches without any features are priced high for the brand name Smartwatch is better option. Notifications while traveling and using OTP this watch gets you ahead in terms of comfort,Under 18,M," Bengaluru, Karnataka",Retired
"Very cool gadget. I just love it.
The only -ve point i feel that is the charging time. It took 2.30-3 hr for full charge.
Otherwise its a good product.",25-34,M," Haridwar, Uttarakhand",Freelancer
"This is my first smartwatch and it is pretty cool. I liked the over all look very much. Nice product for first time smartwatch users. In terms of features, I would say it can be improved. Overall it is a good product.",18-24,M," Pimpri Chinchwad, Maharashtra",Freelancer
"On sale and with gift coupons this costed my 5k. Awesome product at that price. Wonderful build quality from fossil as always, smooth touch screen functions. However 4 stars are for the following cons:
1. Gestures like tilt to wake not as accurate as compared to other smartwatches.
2. Charging time is longer than what has been given in specs.

Pros:
1. Calling function after update.
2. Good sound quality. Even videos play smoothly and with sufficient clarity and loudness.
3. Sturdy. Strong b...
READ MORE",Under 18,F," Ahmedabad, Gujarat",Student
"I am a big tech geek! The only reason i wanted to buy this, was because, it was a cool tech toy! Lets directly jump to pros and cons

PROS:
great design
Wireless charging
Built in speaker and mic
Wifi built-in
Android wear 2.0 out of the box
Good quality metal
No lag what so ever

CONS:
Average battery... Needs charging every night
Kinda slow charging. It takes about 3 hrs to charge completely, even though battery is only 360mAh.
Screen quality sub par, but hey! It costs just 12k! And its a...
READ MORE",35-44,M," Thane, Maharashtra",Working Professional
"Got this product from Flipkart during BBD 17 at Rs. 8995/-. At that price tag it is a great smartwatch from Fossil. And yes it was one of the best delivery experiences that I have had on online buying. Flipkart got this product delivered to me within 12 hours.
Pros:
1) Great build quality and design
2) Running on latest Android wear 2.0
3) Loads of features at this price tag (answering calls, messages from watch itself, Bluetooth connectivity to earphones for remote music playing etc..)

Co...
READ MORE",35-44,M," Bengaluru, Karnataka",Working Professional
What a steal at 8995. Absolutely blown away for the price flipkart offered me. It was worth the wait. Had been waiting for an offer this great for months. At watch stores its 21000. Great build quality and looks and feels like a proper watch. Thank u to the seller and flipkart for this delight.,25-34,F," Mumbai, Maharashtra",Homemaker
"Excellent deal on the product in Flipkart. Many reviews talks about the battery life of this watch. But for me the battery stays solid for a day (full day usage) or upto 3 days (partial usage). Connecting the USB cable to fast charging adapter's helps in charging within 1-1:30 hrs. It has a smooth touch interface and the look like extremely solid, strong and nice.

Battery optimisation: Keep always on mode as off and turn it on only when required (ex. During navigation). Keep the brightness t...
READ MORE",35-44,M," Hyderabad, Telangana",Homemaker
"I have used the Fossil Smartwatch for about 2 weeks now. The battery backup is good for a day and a half with all functions enabled. Sending messages, making call, maps everything works flawlessly. Aesthetics are beautiful. Its a worthy buy",18-24,M," Mumbai, Maharashtra",Freelancer
Before ordering I was not aware of all the features. But i am amazed that it has bulk of features like smartphones. If it a camera as well it would have been the smallest smart phone ever. Obviously fossils quality and premium look is amazing. Extremely happy with the product.,45-54,M," Bokaro Steel City, Jharkhand",Freelancer
"One of the best devices, I purvhased. Battery lasts for 24 hours once completely charged. No scratches. Best build quality. Best in class software. All features are working on my android device. Calling feature doesn't work with my Apple iPhone 8. Best for Android phones Since It's ideally an Android wear",55 and above,M," Navi Mumbai, Maharashtra",Retired
Best smart watch. It's worthy than an apple smart watch,45-54,M," Vapi, Gujarat",Freelancer
"Call function is available in the smoke smart watch. Not sure why is it mentioned as 'No' in the description. As of now, the watch works fine when paired with an Android device. Smooth touch function. One can select from a lot of watch faces in the app. Still exploring. Will update soon. Thanks!",45-54,M," Cuttack, Odisha",Working Professional
Fossil Marshal bought at Rs 8990 is a sooper cool deal. It has the best look among the smart watches. Go for smoke colour. Battery back up is good. Touch interface is great and responsive. Many faces to choose from. Overall a great purchase at this price.,25-34,M," Ernakulam, Kerala",Working Professional
"What a peice of tech is it man...it has made me go gaga.. thanks to flipkart and the partners who could give this time peice in just 9100 during the big billion day sale.. really manyhappy faces to see i guess...never expected feature have been spotted . Like it was given we cannot call but we can actuallymake call when connected to bluetooth.. then i can upload any pic which i have uploaded in instgram o facebook just connect it through the account n puff.. we can change the background image...
READ MORE",35-44,M," Hyderabad, Telangana",Freelancer
"I bought this piece during the big billion sale. The product is damn good. If this is going to be your 1st smart watch, just pick it up.
I'm referring to 1st smart watch is because this is a perfect watch to get you used to the interface of a smart watch functionality.
I'm using this watch with my IOS device and it works effortlessly. The only draw back is that it takes quite a long time to charge the watch. But the battery life is amazing. I use the watch for full 24 hours when connected t...
READ MORE",35-44,M," Mumbai, Maharashtra",Freelancer
This Smartwatch has stunning looks and great features i find that there are no major cons regarding to display this lcd display works perfectly for outdoor usage and Android wear 2.0 works very fine for me..,55 and above,M," Bhilai, Chhattisgarh",Retired
"Buy any smart watch when you are really interested. Just for name sake are for prestige don't buy. Personal experience.
When it comes to product its decent one but can't rate it as great !!",45-54,F," Chennai, Tamil Nadu",Homemaker
The product is good. But the charging time is much more than expected. And the battery drains faster as well. The display is not good in its class.,55 and above,M," Kolkata, West Bengal",Retired
Awesome Product... Go for it got in 8995 in big billion sale.,45-54,M,"  Pune, Maharashtra",Working Professional
Wonderful product by fossil and at great price by flipkart..,45-54,M," New Delhi, Delhi",Working Professional
Very nice,55 and above,M," Chennai, Tamil Nadu",Retired
Superb quality awesome service,45-54,M," Mumbai, Maharashtra",Freelancer
Waste of money... Very poor battery life.,35-44,M," Jamshedpur, Jharkhand",Working Professional
"Been using the watch since last 3 years I guess. It's going pretty good.

Battery now lasts only for a day, but still manageable",35-44,M," Hyderabad, Telangana",Freelancer
battery wont last than a day! If you use it continuously battery will die within an hour. quality of display is very poor.,55 and above,M," Khambhalia, Gujarat",Retired
"When I purchased this product I was very exited to use this but after once it with me. My experience is too bad due to its battery backup, performance, activity tracking. Its not work well even its side button stop to work after 4 months only. Feeling upset ☹️",25-34,M," Bulandshahr, Uttar Pradesh",Working Professional
Nice product...stylish and worth the money...flipkart delivered the product fast,18-24,F," Hyderabad, Telangana",Working Professional
Battery doesn't even lasts for a day and takes around 4-5 hours to charge. Very dissatisfied.,18-24,M," Kanpur, Uttar Pradesh",Freelancer
charging stands only 20hrs,Under 18,M," Hyderabad, Telangana",Student
It’s been now 1 year I have been using the watch. No issues at all. All are in good condition. It’s worth the money paid for,25-34,M," Porvorim, Goa",Freelancer
Very good smart watch,Under 18,M," Tirupur, Tamil Nadu",Student
nice product,55 and above,M," Mahesana, Gujarat",Retired
"I purcahse tis watch from flipkart they assured that its brand new watch n 2 years warranty but the watch selling online is defective n used watch my watch is dead from last 2 months flipkart didnt even reply or resolve my problem n one more thing the watch has been declare defective by fossil n actual price was 14000 thousand flipkart has increased the price 19995 n gav 50 percent discount to cheat the customer kindly dont buy fossil Q 2 series if u wanna confirm about tis detail go to fossi...
READ MORE",18-24,M," Mumbai, Maharashtra",Freelancer
"really a bar experience. in the last nine months the watch had to be sent for repair twice which had a turnaround time of around 1 month every repair. since last repair, the watch is not able to charge.",45-54,M," Patiala, Punjab",Freelancer
nice watch and Flipkart service show bad nit deliver on time 5 to 6 day delay,45-54,M," Bhiwandi, Maharashtra",Working Professional
Worst battery,25-34,M,"  Pune, Maharashtra",Freelancer
"Battery backup is pathetic, else its a good one",Under 18,M,"  Pune, Maharashtra",Student
don't buy it worst product,18-24,M," Bangaluru, Karnataka",Working Professional
Watch is amazing. Only the battery is very poor.,45-54,F," Mumbai, Maharashtra",Homemaker
The product is awosome. Everything is working perfectly. But one demerit is his battery backup. Upon full usage it is giving 15-20 hrs of battery backup.,55 and above,M," Dehradun, Uttarakhand",Retired
Satisfied,45-54,M," Visakhapatnam, Andhra Pradesh",Freelancer
"I can give this product 6 star.
It is beautiful.
It is far different from other.
If u buy new extra stapes, u feel like a new watch everyday.
.
.
.
.More.
Finally I'm in love with it",45-54,M,"  Pune, Maharashtra",Working Professional
High Price Rarely Use Not perfect smart,55 and above,M," Gautam Buddha Nagar, Uttar Pradesh",Retired
Watch battery is not upto the mark ..but updating good battery might be of some help.. (improving the present one).. rest of it is osm,55 and above,F," Bengaluru, Karnataka",Homemaker
"Pros : looking so stylish , thats all

Cons : (1) poor battery back up
(2) gets heated if Bluetooth connection set up with Mobile
(3) maximum 14 hrs battery life on Normal usage and maximum 4hrs of battery life if connection made with mobile via Bluetooth , so be ready to give charge daily
(4) even the display is not upto the mark
(5) takes 5-6 hrs time to get full 100% charge

Didn't expect this from a big brand like Fossil.

Verdict: wastage of money",55 and above,M," Kolkata, West Bengal",Retired
It gets discharge very fast,Under 18,F," Haldia, West Bengal",Student
Too good and nice..must buy it,18-24,F," Dibrugarh, Assam",Working Professional
Battery back up is horrible,25-34,M," Hyderabad, Telangana",Working Professional
battery life is not good,Under 18,F," Jaipur, Rajasthan",Student
Good watch,18-24,F," Gurgaon, Haryana",Working Professional
Its not worth.. The Resolution is very Bad.. The Battery is not even coming atleast 14:00Hrs.. People may give positive thats because lack of Comparision.. I have used Moto.. we cannot use Fossil if we compare..,25-34,F," Anaparthi, Andhra Pradesh",Homemaker
"If you want a premium watch look bit a smart watch this is perfect choice.
Cons- 2+ hrs changing time and max 18 hrs backup on minimal use
But this is not issue for u then its the best watch
Android 8.0 update
Pre-installed watch faces which are customized as per your choice
All Featues of Android
Good speakers and mic quality
Premium metal strap made of stainless steel
Keep away from Water
Value to money product",45-54,M,"  Pune, Maharashtra",Working Professional
Discharge very quickly,18-24,M," Noida, Uttar Pradesh",Freelancer
"Yes, watch is pretty much good but sreen guard is most important.",Under 18,M,"  Pune, Maharashtra",Student
Awsum product,18-24,M," Hyderabad, Telangana",Freelancer
Watch is good but is battery is not so good working only 10 or 12 hours,25-34,F," New Delhi, Delhi",Homemaker
Worth for price very good product,18-24,F," Chennai, Tamil Nadu",Working Professional
So good,Under 18,M," Tirunelveli, Tamil Nadu",Student
Nyc smartwatch....i bought it with metal strap...it has amazing features...but i want to buy a leather strap for it...plzz help me out,55 and above,M," Shopian, Jammu and Kashmir",Retired
Battery problem,Under 18,M," Buhari, Gujarat",Student
"EXCELLENT AND COOL. . .
DELIVERED IN 3 DAYS. . .",45-54,M," Ongole, Andhra Pradesh",Working Professional
Very Good Smart Watch... Touch Is also very Good...,55 and above,M," Lakhimpur, Uttar Pradesh",Retired
Very cool watch. Loving it and on time delivery,55 and above,M,"  Pune, Maharashtra",Student
"It's a good looking watch, but the battery back up is worse... It's one day backup if we connect that to the mobile..",45-54,M," Hyderabad, Telangana",Freelancer
Superb watch better than sansung S2 gear which look plasticy...,Under 18,M," Raigarh, Chhattisgarh",Student
Every thing is except the battery. I've been bored now with to this only because of charging twice in a day. You cant carry this if you don't have power bank with you and sometimes it doesn't look good to charge all the time. No doubt the look of this watch and the charger is awesome.,55 and above,M," Gurgaon, Haryana",Retired
Best ever smart watch happy to have one,55 and above,F," Shimoga, Karnataka",Homemaker
"This device is Taki, West Bengalng almost 12hrs for complete charging and getting discharged completely within 2 to 3 hrs.",45-54,F," Hyderabad, Telangana",Homemaker
"This watch is just awesome.!!
It is actually better than I expected.!!
A quality product from FOSSIL, worth buying..!",18-24,M," Chennai, Tamil Nadu",Working Professional
"Battery of this product doesn't work last, and take lot of time to get charged",55 and above,M,"  Pune, Maharashtra",Retired
waste of Money,45-54,M," Fazilka, Punjab",Working Professional
"This product is so so not have good features like heart rate monitoring, customise faces are very expensive,
Battery is good enough.",Under 18,M," Rajpura, Punjab",Student
Glas look very sensitive and charging takes too much time atleast 10 hours for full charge,18-24,M," South Delhi, Delhi",Freelancer
"Worst battery life and 4-5 hours for full charge.
Waste of money",18-24,F," Hyderabad, Telangana",Working Professional
Great,45-54,M," Bengaluru, Karnataka",Homemaker
Battery backup is not good.,55 and above,M," Kamothe, Maharashtra",Retired
Gud smart watch. Suits for any occasion n dress. Thanks,35-44,F," Hyderabad, Telangana",Homemaker
Bettry backup is vert poor,25-34,F," Berhampur, Odisha",Homemaker
Just awesome......i have been using it since a week ....its very cool to carry and watch faces are too good.....,18-24,M," East Godavari, Andhra Pradesh",Freelancer
Received defective piece.,35-44,M," Raipur, Chhattisgarh",Working Professional
Not a good product....if you are buying this as smart watch go for another good option,18-24,F," Mumbai, Maharashtra",Working Professional
Good product.,18-24,M," Bengaluru, Karnataka",Freelancer
Very nice product.very attractive & stylish,18-24,F," Kolkata, West Bengal",Working Professional
Use less for ios,45-54,M," Ahmedabad, Gujarat",Working Professional
"I have purchased this watch during big billion day offer at a good reasonable price.
It is the best smart watch and it suit every style you follow.
I would recommend this watch to others.",35-44,M," Thane, Maharashtra",Working Professional
Best smartwatch,25-34,M," Nagpur, Maharashtra",Freelancer
"Value for money go for it.,.",55 and above,M," New Delhi, Delhi",Retired
Overall it's good product. Battery life very low .need to recharge every day. Some aps failed to get notification. Phone calling facility can't use in public space. Very less output sound,55 and above,M," Ernakulam, Kerala",Retired
Battery is dying so much that I have to recharge it for at list 3-4 times in a day,55 and above,M," Brahmapur, Odisha",Retired
Battery is low,45-54,M," Chennai, Tamil Nadu",Freelancer
"I gifted to my husband he really liked it he was
happy 🥀💋🌹",18-24,F," Hyderabad, Telangana",Working Professional
Waste of money...,Under 18,F," Hyderabad, Telangana",Student
As expected awesome watch and delivwry on time..,35-44,M," New Delhi, Delhi",Freelancer
worst battery backup,Under 18,M," Bhiwadi, Rajasthan",Student
Worth Buy.,18-24,M," Songadh Tapi District, Gujarat",Working Professional
Superb.elegant look,45-54,F," Kollam, Kerala ",Homemaker
"very fast delivery . initial impressions - good . Good response for notifications. it's good in hands .

Battery last for 1 day for normal usage and for heavy usage by connecting to internet - it may run up to 2 - 3hrs . so usage should be limited to needs .

overall it's good .

Looks - 5/5
software -4.5/5
Battery -3/5
built quality -5/5",25-34,F," Kaliyakkavila, Tamil Nadu",Homemaker
"Best buddy a man can have. Good fit, easy access and tech-group by Bluetooth. Amazing updates from fossil sides. I am giving this review after 4 month of usage. Just one flaw you have to charge it as day to day usage.",18-24,M,"  Pune, Maharashtra",Freelancer
"I would probably prefer to give it a 3.5 instead of a 4 but we don't have the option here. But I love most of the things on offer and hence decided to round it off to the higher rating instead. First things first - the watch is very good to look at, definitely the best looking one in its price range. That is the primary reason I went with this instead of the ticwatch. The watch takes around 10 mins to setup and then you are good to go. The wear OS is maturing and has a lot of potential. But e...
READ MORE",45-54,F," Kolkata, West Bengal",Homemaker
Nice watch,45-54,F," Pulivendula, Andhra Pradesh",Homemaker
Superb,Under 18,M," Bilhaur, Uttar Pradesh",Student
I don't think it is worth the money. Better go for Fossil sport 43mm. The chipset is better in that one. Gen 4 lags very much. Display and battery is alright. But the ram and rom are both insufficient in 2021. You don't want that to happen when you pay 11000.,Under 18,M," Puri, Odisha",Student
"This is the best watch in this price segment. A total value for money. It looks premium, feels premium.",55 and above,M," Asansol, West Bengal",Retired
Battery is very dissatisfied,25-34,M," Luxettipet, Telangana",Working Professional
Best and affordable smart watch that is worth for the money 💰♥️ looks performance quality all good. Extremely classy silver and brown leather FTW4015 - ( it's rubber inner surface and leather on outer surface ) makes it Durable and classy.,45-54,M," Chennai, Tamil Nadu",Working Professional
Smart and safe i like it,35-44,M," Pathanamthitta, Kerala",Working Professional
amazing smart watch i love fossil watch but the battery life need to improve ..,Under 18,M," Badgam, Jammu and Kashmir",Student
Good... amazing,18-24,M," Rewa, Madhya Pradesh",Freelancer
Bad battery life,55 and above,F," Bengaluru, Karnataka",Homemaker
Nice watch but battery was not good but performance and design was good & colour also,55 and above,M," Gudivada Krishna, Andhra Pradesh ",Retired
Great product. Could be fit into any wear casual and formal. Just feel disappointed about one thing that when connected to mobile via bluetooth battery drain at a tremendous rate. Couldn't live more than 7-8 hr. on it.,25-34,M," Bhopal, Madhya Pradesh",Freelancer
"Battery performance not good when you connect with your phone. Stand by mode battery performance was ok. Good display quality, good operating system by Google were os.many sports mode working properly, wether and heart rate monitor working nice, overall it was ok product form fossil, it could be better.",18-24,F," Rajkot, Gujarat",Working Professional
"Good Smart watch, with all basic requirements...
Only battery backup is an issue.
It will give 12 hrs backup if it is used wisely.",Under 18,M," Hyderabad, Telangana",Student
"Keep everything aside for a minute and ask yourself before buying this, if a watch cant even last for 12 hrs, will you go for this?
I am writing this after using the same for 8-9 months.
Battery is big big let down.",Under 18,F,"  Pune, Maharashtra",Student
"Really great product, if we customise our setup thn battery ll stay for 48 hrs",25-34,F," Bengaluru, Karnataka",Homemaker
Best smart watch forever ✌,18-24,M," Talcher, Odisha",Freelancer
"Nice watch! Looks good and i think for 11k its value for money.!! Bettery life is not as expected but if your phone is disconnected then it will give you 1.5 day ! Nd with connected phone nd total usage 4-5 hours! But happy with product hard to find real ""smart""watch with wear os nd fossil brand for 11k!",55 and above,M," Valsad, Gujarat",Retired
best in quality . only battery backup is less in daily mode.,Under 18,M," Sibsagar, Assam",Student
Superb,35-44,F," Tanuku, Andhra Pradesh",Homemaker
"Watch is Undoubtedly Awesome,Except The Battery Backup...",Under 18,M," Thane, Maharashtra",Student
The looks is nice...the features and functions are good....but it's draining the Battery tooo fast...not even working for 1 hr... disheartened!!!!!,Under 18,F," Modinagar, Uttar Pradesh",Student
poor battery life,Under 18,F," Lucknow, Uttar Pradesh",Student
Amazing,Under 18,M," Mumbai, Maharashtra",Student
Very good product.. Classy watch... Best of other colors. As metal n black are too common,55 and above,F," Kolkata, West Bengal",Homemaker
Good watch but very poor battery backup...not even last for 24 hrs,25-34,M," Roorkee, Uttarakhand",Freelancer
Good product,Under 18,M," Hyderabad, Telangana",Student
Best n,35-44,F," Nashik, Maharashtra",Homemaker
"excellent delivery, excellent service, nice ,1st time unbelievable service, Thanks all employees of flipcat",Under 18,F," Bhubaneswar, Odisha",Student
Its osm but battery life is low,25-34,M," Mumbai, Maharashtra",Student
"The watch is very good
I love it
The leather strap quality was very good
And bettry backup is one day",25-34,F," Surat, Gujarat",Homemaker
Nice watch must try.,25-34,M," Coimbatore, Tamil Nadu",Freelancer
Very good watch battery is also good,45-54,M," Ahmadnagar, Maharashtra",Working Professional
Nice watch .................,18-24,F," Talcher, Odisha ",Working Professional
Was okey but not any specific way to track the genun genuinity of the product,18-24,M," Rani, Rajasthan",Freelancer
Tracks the Data & Predicts the Future.,35-44,F,"Bengaluru, Karnataka",Homemaker
Love The watch♥️,55 and above,M," Pimpri Chinchwad, Maharashtra",Retired
Watch is super good. The only thing is the battery backup but the fast charging feature is so awesome that it charges in 30 to 40 min s for full charge...,18-24,M," Hyderabad, Telangana",Working Professional
Awesome looking 🥰,25-34,F," Jodhpur, Rajasthan",Homemaker
"This was a dream gadget I wanted to own, and it turned out to be a nightmare. I don't know whether it was the device or my phone or the way Google made the wear OS.

Just a heads up, this phone is compatible with MI phones too, however, while pairing is a task. Here are 3 things you cannot forget while pairing your MI devices
1) Allow all permissions for Wear OS app
2) Allow all permissions for bluetooth app
3) Allow all permissions for Google

The watch is fun once it paired, only the initia...
READ MORE",18-24,M," Mumbai, Maharashtra",Freelancer
Must buy,35-44,F," Bengaluru, Karnataka",Homemaker
Worth it,25-34,M," Ramachandrapuram, Andhra Pradesh",Working Professional
"Good features, Battery not more than 4hrs, Bluetooth & wifi losses connectivity frequently, GPS need improvement, display smaller, over priced, overall better product.",18-24,M,"  Pune, Maharashtra",Freelancer
Amaze balls...,45-54,F," Malappuram, Kerala ",Homemaker
"Nice product
But strap is not so good .",25-34,M," North Twenty Four Parganas District, West Bengal",Freelancer
Excellent watch from Fossil👌,55 and above,F," Guntur, Andhra Pradesh",Homemaker
Good,35-44,M," Bengaluru, Karnataka",Working Professional
nice cool watch I have liked it,35-44,M," Belgaum, Karnataka",Working Professional
Fossil smart watch is very Attractive smart watch loking so Beautiful,18-24,M," Gajraula, Uttar Pradesh",Freelancer
Battery drained out faster.,45-54,M," Dakshina Kannad, Maharashtra",Freelancer
Awesome product value for money,55 and above,M," Barbil, Odisha",Retired
"Premium watch, just grabs all the attention on any occasion",55 and above,M," Mumbai, Maharashtra",Retired
Super,18-24,F," Cheruthuruthi, Kerala",Working Professional
Awesome. But the battery has to be improved. Will not get even a day. And the call option is disconnectig always.,35-44,M," Ernakulam, Kerala",Freelancer
it's my first day and I am loving the watch so far. I will add further review comments after week's usage.,25-34,M," Secunderabad, Telangana",Freelancer
Spr,45-54,F," Davanagere, Karnataka",Homemaker
Best watch in market with the right price and quality.. Loved it,55 and above,M," Nagpur, Maharashtra",Retired
Superb look...,Under 18,M," Bengaluru, Karnataka",Student
Nice product 👍,45-54,M," Vijayawada, Andhra Pradesh",Working Professional
"Except battery life , everything fine as expected.",25-34,M," Chennai, Tamil Nadu",Working Professional
Thank you flipkart OSM watch.,45-54,F," New Delhi, Delhi",Homemaker
"The design is elegant while being a classic, it speaks for itself. I've been invested in the smartwatch system since 2015, the fossil series 5 being my third smartwatch with wear os ( earlier known as android wear). Its suffice to say that the extra RAM does wonders to the fluidity of the OS with once in a blue moon glitch. The only downside is the battery but since I'm used to charging the watch every night, it's not a biggie for me. The Rapid charge is a nice condolence for the lack of bet...
READ MORE",55 and above,F," Mumbai, Maharashtra",Homemaker
Awesome watch and worth,35-44,M," Chikmagalur, Karnataka",Working Professional
Nice watch,18-24,F," Deesa, Gujarat",Working Professional
Good,25-34,M," Kurnool, Andhra Pradesh",Working Professional
In-built gps not there...battery life is not good,35-44,M," Bathinda, Punjab",Freelancer
"Battery does stay for 5-7 hours maximum if you are an average user. All the features are cool, but the battery needs to be improved to a very good extend.",Under 18,M," Chennai, Tamil Nadu",Student
"Very good quality.
U will get everything u want from a smart watch.
Just one cons is the battery. 1day standby with power saving mode.",35-44,M," Baran, Punjab",Freelancer
"It was really a amazing product by fossil, and I am very very happy to use this watch, value for money, one think that fossil has to improve battery life otherthan all are good .",25-34,M," Walajabad, Tamil Nadu",Freelancer
"Best things about the watch(pros)
1. Able to take calls from the watch especially helpful while driving. Voice quality is very decent.
2. Navigation works well. However, would have been a great if navigation was independent of the phone . Right now, it just replicates the phone display in the watch.
3. Workout statistics are captured and displayed pretty well.
4. The watch faces can be changed(pretty good ones to choose from) and when not in use the watch looks like a classic analog watch.

C...
READ MORE",18-24,F,"  Pune, Maharashtra",Working Professional
Exactly shown in that picture,Under 18,F," Bengaluru, Karnataka",Student
Awesome view,Under 18,M," Bhubaneswar, Odisha",Student
Good watch best for style,Under 18,M," Bengaluru, Karnataka",Student
"Good for style & few health indicators. Otherwise didn't find any excitement of smart watch.

Pros
1. Stylish
2. Good Health Indicators

Cons
1. Display glass is not scratchproof.
2. Watch don't has inbuilt micro watch to display updated time even if watch gets switched off due to battery drainage.
3. Can pair to only one mobile at a time. If one wants to connect to other mobile then ealrier mobile needs to be unpaired.
4. Not so user friendly, as one needs to search a lot for particular f...
READ MORE",55 and above,M," Margao, Goa",Retired
"The product got delivered late.... above all ,the battery is useless..even if u turn off bluetooth or any other running function,it still doesn't last a day..",35-44,F," Edathala, Kerala",Homemaker
"I have seen people complaining too much about Wear OS watches and I think they do not give these watches a fair chance. I have been reading up on the tips and tricks to get the most out of my watch even before it arrived and I have got to say, besides some minor annoyances, this is the best Wear OS watch that you can get right now (mid 2020).

The Good:
1. Watch is really snappy and shows no lags
2. The watch is low profile and looks extremely cool (I got the black silicone band version) and ...
READ MORE",Under 18,M," Jabalpur, Madhya Pradesh",Student
nice one,25-34,F," Gondal, Gujarat",Homemaker
Nice product,18-24,F," Mumbai, Maharashtra",Working Professional
Battery life is pathetic functions and build quality is good 👍,Under 18,M," Trivandrum, Kerala",Student
Good one but it has battery issues. Battery charge draining very fast even if all the connection are off,35-44,M," Kollam, Kerala",Freelancer
"Battery is a major problem with this device. They want me to charge this device on a daily basis which is foolishness for a smart watch. Otherwise everything works fine. Some problems with the location but not so serious. Also, FOSSIL is a highly reputed brand, so you go out and people asking what watch is it and you tell them it's FOSSIL they will be surprised. Who wouldn't want that. 😂😂. Display is gorgeous.",55 and above,F," Panipat, Haryana",Homemaker
Nice watch good packing works excellent watch,18-24,F," Ranga Reddy, Telangana",Working Professional
Nice product ..But battery capacity is less,35-44,M," Bengaluru, Karnataka",Working Professional
Aswam,45-54,M," Dumka, Jharkhand",Freelancer
It's really good to keep yourself healthy and continuous monitoring but battery needs to get improved.,25-34,M," Kalna, West Bengal",Freelancer
The product is in one word AWESOME.. If you have the budget to buy a watch of this price then go for it. Flipkar delivery was too delayed from the actual delivery date. This was a little annoying for me but after getting the product it made me overwhelmed with joy. Packing was also fantastic by FOSSIL and as the product ....,35-44,M," Kolkata, West Bengal",Working Professional
Awesome watch by fossil beats another smartwatch in the market,18-24,M," New Delhi, Delhi",Working Professional
Nice watch.. premium quality adding a class on daily wears.,35-44,M," Lucknow, Uttar Pradesh",Freelancer
"Must buy
Performance is best
Sound nd voice clarity is good
Battery backup is not that bad. Overall good deal to take.",35-44,M,"  Pune, Maharashtra",Homemaker
Very good product. It meets all the listed specifications,45-54,F," Ambarnath, Maharashtra",Homemaker
All set but battery fails,45-54,M," Bobbili, Andhra Pradesh",Working Professional
Everything good except battery life,Under 18,M," Bhubaneswar, Odisha",Student
Completely loved it........😍,35-44,M," Tiruppur, Tamil Nadu",Working Professional
Great design. But the battery backup is bad as expected. Display is great. The metal chain is of good quality. Overall nice,55 and above,M," Ernakulam, Kerala ",Retired
Over-all good. Only issue with battery.,35-44,F," Nagpur, Maharashtra",Homemaker
Satisfied,55 and above,F," Bengaluru, Karnataka",Homemaker
It's a beautiful watch but battery life very poor looks very good phone call access,18-24,F," Jajapur, Odisha ",Working Professional
Except battery backup rest all good.,18-24,M," Visakhapatnam, Andhra Pradesh",Freelancer
Please don't buy this item.... It's very poor battery life (Maximum 12 Hrs)... The company promising 24 hrs they are cheeting us... 🙏🙏 don't buy this item,55 and above,M," Ariyallur, Tamil Nadu",Retired
Very poor Battery Back up.Without using anything battery is getting low,18-24,M,"  Pune, Maharashtra",Freelancer
"Everything is stunning and gorgeous but I'm very very very disappointed with the battery life it is offering
Just 9-12 hours
You'll have to charge atleast 2 times a day and they're providing a fast charger so it makes the job a bit easy
Other than that it is very nice and beautiful",25-34,M," Kapurthala, Punjab ",Freelancer
"I am giving this review almost after 4month of rigorous use. The watch is good with amazing watch faces, utility,call speakers but the major problem is connectivity with your phone,you regularly lose the connections with Wear os.I mean what is the meaning of smart if you loses connectivity with the app it just becomes a digital watch.",45-54,M," Pimpri Chinchwad, Maharashtra",Working Professional
Good product,35-44,M," Mumbai, Maharashtra",Working Professional
Good,55 and above,F," Lucknow, Uttar Pradesh",Homemaker
All the features and looks are best but there a battery problem which i think to improve battery drainage is fast,Under 18,M," Lucknow, Uttar Pradesh",Student
Overall great product but battery life could have been improved and gpay does not work on my watch don't know why.,25-34,M," Chandigarh, Punjab",Freelancer
Well performance 😊,25-34,M," Auraiya District, Uttar Pradesh",Working Professional
If you want a best watch for your android series then go for this one..The best and also works with ios.There is no back off once you purchased it.It.admires me most.Value and worth for money.Thankyou fossil.,18-24,M," Dharmapuri, Telangana",Working Professional
"Stunning and beautiful. After usage of 1month,I found this piece as best one. For heavy usage battery backup is not satisfactory. We can happily play music in watch. Watch faces are stunning. Giving premium look. Definitely recommendable.",35-44,M," Krishna, Andhra Pradesh",Freelancer
"The only issue with this product is its battery , had to charge it every single day",55 and above,M," Silchar, Assam",Retired
Battery back was the worst part in Fossil Smart watch.,18-24,M," West Godavari, Andhra Pradesh",Freelancer
Battery bacup is very bad,35-44,M," Samastipur, Bihar",Freelancer
"Awesome watch 😄⌚ looking good and fast Charing
Value for money",25-34,M," Mahbubnagar, Telangana",Freelancer
Super product...,Under 18,F," Guntur, Andhra Pradesh",Student
Love 💖,25-34,M,"  Pune, Maharashtra",Freelancer
Superb as I expected 👌,25-34,M," Raxaul Bazar, Bihar",Working Professional
As per expectation...,18-24,F," Bhubaneswar, Odisha",Working Professional
Nice wonderful 👌👌👌 watch,25-34,M," Latur, Maharashtra",Working Professional
Thanks,Under 18,M," Jodhpur, Rajasthan",Student
The charge goes away quickly,45-54,M," Mavelikkara, Kerala",Freelancer
Watch is superb but battery life is worse,45-54,M," Gurugram, Haryana",Working Professional
Overall functions are good but battery will drain like flow of water.,45-54,M," Gwalior, Madhya Pradesh",Working Professional
"Watch is really good for its cost but only back is charging,we cant expect more charge for the features they provided in that ...watch is really perfect and I loved it 💯❤️❤️",18-24,M," Hyderabad, Telangana",Working Professional
The best smart watch at this price. Go for it,55 and above,M," Bengaluru, Karnataka",Retired
"Like most of the reviews, the battery is not draining too much. It's good only. Loving this watch much. While using 'ok google' it's not responding properly. Other thinks are nice. Waiting for Android 11 update this September.",45-54,M," Madurai, Tamil Nadu",Freelancer
Battery is not good,Under 18,F," Anugul, Odisha ",Student
"I am so disappointed with fossil as well as flipkart as the reviews that have been posted on flipkart are seems to be fake as it is nothing what people have mentioned in the reviews also nothing what fossil have described it in the product description.
It's battery life is the worst, doesn't even lasts for half a day. It lags alot doesn't have many features as compare to other watches with much lesser rate.
I am sharing this experience of mine after using it for 15 days. I dont even wear it n...
READ MORE",55 and above,M," South Delhi, Delhi",Retired
Great features and design is awesome. Build quality of display is excellent.,35-44,M," Indore, Madhya Pradesh",Working Professional
Battery quality is not good. Charger sometimes works sometimes not.,18-24,F," Falakata, West Bengal",Working Professional
Not at all happy with the product,35-44,M," Guwahati, Assam",Freelancer
"Wrost product battery problem major
Service is wrost warrenty giving 2 year and at time they warrenty not giving by service center so not buy",Under 18,F," Jetpur Navagadh, Gujarat",Student
After use of more than 1 year watch is OK... looking gud working gud and value for money,Under 18,M," Amritsar, Punjab",Student
Never ever buy any fossil smart product. Waste of money,25-34,F," Gwalior, Madhya Pradesh",Homemaker
Loved the watch,55 and above,M," Thane, Maharashtra",Retired
"Overall a great buy but battery is so poor nd i knew it but still i bought this bcs i like this design nd all.

But for me its working great like if you charge it in morning it will work 6-8 hrs max but after that it automatically switches to extended battery mode in which you can see time by pressing side dial nd it works for 1-2 days.

Pls don't consider this for activity tracking as its not that good in this nd also pulse reader nd all are just marketing gimmicks.",55 and above,M," New Delhi, Delhi",Retired
Very bad product,Under 18,M," Latur, Maharashtra",Student
